sequence,pair,display_name,etsy_upload_relative_path,etsy_zip_filename,zip_size_bytes,zip_size_mb_decimal,zip_sha256,qa_manifest_sha256,contact_sheet_sha256,guide_included,wallpaper_count,status
1,AQUARIUS_AQUARIUS,Aquarius + Aquarius,AQUARIUS_AQUARIUS/ASTROLOVE_AQUARIUS_AQUARIUS_5_EDITIONS_ALL_DEVICES.zip,ASTROLOVE_AQUARIUS_AQUARIUS_5_EDITIONS_ALL_DEVICES.zip,17148551,17.149,ced04d00fd75a7f9a2e9b45895672cf48fc2218588c6a0d39ccf809bd3f921d4,ef9d50de3ba0dd1a94067086a2e567d6a17a538f4c7f985b00c33e804096a711,0684a03a58b1ffc72aae27de3d1d906c1707c3f5df804f5dd7d1d7a304d49914,true,20,PASS
2,AQUARIUS_ARIES,Aquarius + Aries,AQUARIUS_ARIES/ASTROLOVE_AQUARIUS_ARIES_5_EDITIONS_ALL_DEVICES.zip,ASTROLOVE_AQUARIUS_ARIES_5_EDITIONS_ALL_DEVICES.zip,18246510,18.247,d6c662b0b949cadf6854d3d8301067ea6f5855d936080a3b9b486f366381c55b,2d1e9dc7f830d3339a0e4f070191ad0db9f5ef0552ae6a3e0d91380b8bd0cee8,7688a2ecb0bed29653b4564aaf39a423529be35351ef3a3dac92085ac32aff55,true,20,PASS
3,AQUARIUS_CANCER,Aquarius + Cancer,AQUARIUS_CANCER/ASTROLOVE_AQUARIUS_CANCER_5_EDITIONS_ALL_DEVICES.zip,ASTROLOVE_AQUARIUS_CANCER_5_EDITIONS_ALL_DEVICES.zip,18779589,18.780,30e0b10845afc789fe2d79b63b3f5601a3440f3b21c5456c0198eef4c478f2b0,0f3e33185a44add18f85b3ccc01b477a2b58018d1cca9cc96aeeb7ca7b55ee19,c651c80e5cf96cf5f9ae39c61049bc526bfb318752a5b71f14b757162ca62398,true,20,PASS
4,AQUARIUS_CAPRICORN,Aquarius + Capricorn,AQUARIUS_CAPRICORN/ASTROLOVE_AQUARIUS_CAPRICORN_5_EDITIONS_ALL_DEVICES.zip,ASTROLOVE_AQUARIUS_CAPRICORN_5_EDITIONS_ALL_DEVICES.zip,18189612,18.190,50c3105f65b043299312712584bb761a76f17650132ff347688ff100cdf0da8c,62daa0a31296c5cd5ff6915277d7e645533257e28c93563112caed016b544a59,627dad7d5352bbe3189f2f788c5713830716fd4ba0524e8daa4807c2ce529c20,true,20,PASS
5,AQUARIUS_GEMINI,Aquarius + Gemini,AQUARIUS_GEMINI/ASTROLOVE_AQUARIUS_GEMINI_5_EDITIONS_ALL_DEVICES.zip,ASTROLOVE_AQUARIUS_GEMINI_5_EDITIONS_ALL_DEVICES.zip,17850318,17.850,4e489a899cc1fe7b79cc79cc027fcbaadd778cfd7251d9cbc0f1a27bd7e26d12,9bb0920c8de6719cf0db181afd6cd4f8f56c8d0f1fb10e206ce50e918021797a,03d2ab372d4d203e0f723ed15261b76e421ccdd8e65f188f7b08d6f7ece93e16,true,20,PASS
6,AQUARIUS_LEO,Aquarius + Leo,AQUARIUS_LEO/ASTROLOVE_AQUARIUS_LEO_5_EDITIONS_ALL_DEVICES.zip,ASTROLOVE_AQUARIUS_LEO_5_EDITIONS_ALL_DEVICES.zip,18306025,18.306,74c87345344382e28703ae9fb81ab1c74268934857f66aeb681889ef9f0773f7,28b0430707ae7921669704063c1e4d4d6ffe10542993c8dc40472091b4d70536,3e79f285502af14b7d3cb5dd5d5ffdcdeefae27e882f5ce584c1bbee4119ae7a,true,20,PASS
7,AQUARIUS_LIBRA,Aquarius + Libra,AQUARIUS_LIBRA/ASTROLOVE_AQUARIUS_LIBRA_5_EDITIONS_ALL_DEVICES.zip,ASTROLOVE_AQUARIUS_LIBRA_5_EDITIONS_ALL_DEVICES.zip,17602223,17.602,3ced42289b4b5f1e380ff523f754152199ccaee5046bd48566696a4e4f785368,0a043e68d9517da093d32558fe3eec6dc83447090ba0912aa827d86785a02bb8,07ab0740ea730e386a78dde822ec78ebc408204ce0c5dbb390b0aee622986f19,true,20,PASS
8,AQUARIUS_PISCES,Aquarius + Pisces,AQUARIUS_PISCES/ASTROLOVE_AQUARIUS_PISCES_5_EDITIONS_ALL_DEVICES.zip,ASTROLOVE_AQUARIUS_PISCES_5_EDITIONS_ALL_DEVICES.zip,18707521,18.708,23ac93f0e47919be6b3fffe34cdfdba49fb959fbf0c90e1a93bc505a3465a280,473522687b570e2da89ea69e7cbda715a3b0d502d49f4042e98d82393391f6b5,ab4af4c2d4d556dbc182ee33fc3616b905b06f4635d7e37b7a09b48e6a91602b,true,20,PASS
9,AQUARIUS_SAGITTARIUS,Aquarius + Sagittarius,AQUARIUS_SAGITTARIUS/ASTROLOVE_AQUARIUS_SAGITTARIUS_5_EDITIONS_ALL_DEVICES.zip,ASTROLOVE_AQUARIUS_SAGITTARIUS_5_EDITIONS_ALL_DEVICES.zip,17855413,17.855,8e2a8194f2efcaec6f9408527dd21e2f82ab04e247ba13e0944c924fc47f6ec5,318d839ca1eba87ae62cd44ad9410742aab7081f83c45004112927823dc03ef1,c596229281d3b035f2fad4e9be20fbc53071941ac819a5fa28888a63910020a1,true,20,PASS
10,AQUARIUS_SCORPIO,Aquarius + Scorpio,AQUARIUS_SCORPIO/ASTROLOVE_AQUARIUS_SCORPIO_5_EDITIONS_ALL_DEVICES.zip,ASTROLOVE_AQUARIUS_SCORPIO_5_EDITIONS_ALL_DEVICES.zip,18146308,18.146,af1e7c51d7a15da596acdf12b6839b6449ed6129632a64b680f9e36d9f7df1bb,090f7664c3c90d22cbe82b8825385f72882be172c4498b870487501de4c0fa70,b2c291a080d3e112cc3b2b8fb25ac9c84eb7a1b4cdd73db296d08ecc3f7c5c60,true,20,PASS
11,AQUARIUS_TAURUS,Aquarius + Taurus,AQUARIUS_TAURUS/ASTROLOVE_AQUARIUS_TAURUS_5_EDITIONS_ALL_DEVICES.zip,ASTROLOVE_AQUARIUS_TAURUS_5_EDITIONS_ALL_DEVICES.zip,17909534,17.910,d539a52920ebc0907fb2e8c95cb84cd674507c1f93348f4d26944711bb9e768f,e7e12557a7e321d4ff08fe0fcbfb481e07583404e38948e47eb9f6075ad941a1,1d8ce7d0757b4fd1eb1ba40c7d77371cddb7d8293818699bef554714d0c364b4,true,20,PASS
12,AQUARIUS_VIRGO,Aquarius + Virgo,AQUARIUS_VIRGO/ASTROLOVE_AQUARIUS_VIRGO_5_EDITIONS_ALL_DEVICES.zip,ASTROLOVE_AQUARIUS_VIRGO_5_EDITIONS_ALL_DEVICES.zip,18346467,18.346,adffae5f16c811eeae15585e3f2ac9b5c101af1acfae7c34649eaa9e47d8aafd,6a832a7942aa173f47b4377026fdb36bdee52f94b9460c31a9f9032dbe63176d,d8ecae9ba85b2be567e4ef94aa6cd045efc9e2a6d6029b1be76a24d4e5f7ef65,true,20,PASS
13,ARIES_ARIES,Aries + Aries,ARIES_ARIES/ASTROLOVE_ARIES_ARIES_5_EDITIONS_ALL_DEVICES.zip,ASTROLOVE_ARIES_ARIES_5_EDITIONS_ALL_DEVICES.zip,18510203,18.510,20c152cfc7de429566f74ff03ee9a2461ff1a5f40b73ba965c87668798fb82f8,9724ca97b9a683f6a7e4efbcc872dc5f8e3aabac9bc50ec27a1da88625627bde,34743e59e7652074fda5432caa9fe9f751977319e0a2c58b17da326cf63aa3e0,true,20,PASS
14,ARIES_CANCER,Aries + Cancer,ARIES_CANCER/ASTROLOVE_ARIES_CANCER_5_EDITIONS_ALL_DEVICES.zip,ASTROLOVE_ARIES_CANCER_5_EDITIONS_ALL_DEVICES.zip,18772540,18.773,ba9322f1aaa547299b611484a1ee1c9284a9f73e47d1dae1bc30896cff56fc49,688981dc8b0591338c20f7d45e6f1fac164dc2b9dfa2a41d0aa9ea587e9f4ea9,ca72703bd564194cab9e9f73e28f2817e4d1a7c04587c6b6a28f601104777705,true,20,PASS
15,ARIES_CAPRICORN,Aries + Capricorn,ARIES_CAPRICORN/ASTROLOVE_ARIES_CAPRICORN_5_EDITIONS_ALL_DEVICES.zip,ASTROLOVE_ARIES_CAPRICORN_5_EDITIONS_ALL_DEVICES.zip,18830661,18.831,2eb254c7d9777faa218a8795d23876974d3d502962fb84c68aa11370a374d00c,7718b0064a703de199e74f413da9365160d1c9db879296c51832b6ddb9959d9d,5c49c465c83f82262d1cf92c24c7ff833779fe0a8be40c6b39614d60ad9d304d,true,20,PASS
16,ARIES_GEMINI,Aries + Gemini,ARIES_GEMINI/ASTROLOVE_ARIES_GEMINI_5_EDITIONS_ALL_DEVICES.zip,ASTROLOVE_ARIES_GEMINI_5_EDITIONS_ALL_DEVICES.zip,18256818,18.257,0b3afce000c69838fcbadfd65a6e2f60e3339620d08afb3b929a32304d7b2932,c45ee708104d715a7a071936dede7ca0b8bd1ef54b0a590e6d176ee3cd9467c5,177743410908db3d0a72cc4336eccdfb1bec2568ce8b7d910a54a1c19dfda0a3,true,20,PASS
17,ARIES_LEO,Aries + Leo,ARIES_LEO/ASTROLOVE_ARIES_LEO_5_EDITIONS_ALL_DEVICES.zip,ASTROLOVE_ARIES_LEO_5_EDITIONS_ALL_DEVICES.zip,18797356,18.797,d1aa0bf3b1794662076e35f60e85ff9541b2807c36f041788c940938d847ea56,687a783f778bcfe1dd925e6c8093313eb0a60b1d604bcd365d67737ef1244592,c34d808267a4bbcd914b39f277ad1059ff52b26908017c86ea4bcfed02bdefcd,true,20,PASS
18,ARIES_LIBRA,Aries + Libra,ARIES_LIBRA/ASTROLOVE_ARIES_LIBRA_5_EDITIONS_ALL_DEVICES.zip,ASTROLOVE_ARIES_LIBRA_5_EDITIONS_ALL_DEVICES.zip,18603819,18.604,f46ae8674d355bfff0e9c2dc24aa47d7e976a73d533ac2a263d49da61b18dd5a,2f09096e6bf28511ae39a57f5eeda0922b4adf1ac066b55c00f27ae96405d4c0,209929d552599b50563ef95b67bcf6e5ec1d584d26be9c8c247c157967867da7,true,20,PASS
19,ARIES_PISCES,Aries + Pisces,ARIES_PISCES/ASTROLOVE_ARIES_PISCES_5_EDITIONS_ALL_DEVICES.zip,ASTROLOVE_ARIES_PISCES_5_EDITIONS_ALL_DEVICES.zip,18439826,18.440,85ef1351e97d8ab34120d16a393c12c27771c238f7f9f7d3c1e88bb3c3585fcf,4e963261c91a3c1fde6543ba79489411d38626f96f397925454e752c3d2c8254,bfa3c31e6f2347b9e4ba276b0d4e468dc2fe62ff4ce43a49c49292e3cfbfac8d,true,20,PASS
20,ARIES_SAGITTARIUS,Aries + Sagittarius,ARIES_SAGITTARIUS/ASTROLOVE_ARIES_SAGITTARIUS_5_EDITIONS_ALL_DEVICES.zip,ASTROLOVE_ARIES_SAGITTARIUS_5_EDITIONS_ALL_DEVICES.zip,17810145,17.810,1b46508cca0bcec7279cbc386b8bd83ff98a33c9f75fe442aea41f3607a4a3ea,19c161ff1475336746b5fbc58a5f408e4e5058794dabcfdc8a01cfe56c679f14,f48c6eafbe5a10a8812d1092a9f2b5013089418d776baa960b854768f1da5aa0,true,20,PASS
21,ARIES_SCORPIO,Aries + Scorpio,ARIES_SCORPIO/ASTROLOVE_ARIES_SCORPIO_5_EDITIONS_ALL_DEVICES.zip,ASTROLOVE_ARIES_SCORPIO_5_EDITIONS_ALL_DEVICES.zip,17749707,17.750,2782846d16c29f80794cf55338c0442769b0a94e35a7b92269ffbdd486174b6e,e1921b22e41f584955660058d93bc01884b76a9df35e731c8378582a67a6b167,c1040d5ba41a97a991fe0f4bcf42bb87e817d74108ed0794effc96d04fe85797,true,20,PASS
22,ARIES_TAURUS,Aries + Taurus,ARIES_TAURUS/ASTROLOVE_ARIES_TAURUS_5_EDITIONS_ALL_DEVICES.zip,ASTROLOVE_ARIES_TAURUS_5_EDITIONS_ALL_DEVICES.zip,18040094,18.040,53f2c2a13827e529525cad44328eb2b3617a1b628da4e4b2b80db44fc8224135,204d09d71e8393e330ce69ff86858f62f64c06476de0c61fa859734ea7ec36ea,305b3775199895804c010d618878b00907c0af5c0b7d902ee45c5a2c3fca9176,true,20,PASS
23,ARIES_VIRGO,Aries + Virgo,ARIES_VIRGO/ASTROLOVE_ARIES_VIRGO_5_EDITIONS_ALL_DEVICES.zip,ASTROLOVE_ARIES_VIRGO_5_EDITIONS_ALL_DEVICES.zip,18126119,18.126,fddff6d33b26fe88632f45b3070035eb17184e66743b58aa721a54c26e509401,0fe1a22f4200ceec6894f5242db7629387fd69ff6e3640dcf8e8f13e09b115d9,18652a1a9b9b816acc3c16d0ab50726d772db89e982921cf9f9f35a3fa0c1548,true,20,PASS
24,CANCER_CANCER,Cancer + Cancer,CANCER_CANCER/ASTROLOVE_CANCER_CANCER_5_EDITIONS_ALL_DEVICES.zip,ASTROLOVE_CANCER_CANCER_5_EDITIONS_ALL_DEVICES.zip,17991504,17.992,f5f7aabfcb9e4d61b992bcc855431e0edc9e1b37bc57129fe49934b2a6f658c1,11691d488fdb15cc92b348e983d13481f1ff93f21ef4d2292991fc8ebeb60a2f,ce2c4aa15f0df4f7e5c77b40134146424945dc78ab524c0619b742b957fe0db2,true,20,PASS
25,CANCER_CAPRICORN,Cancer + Capricorn,CANCER_CAPRICORN/ASTROLOVE_CANCER_CAPRICORN_5_EDITIONS_ALL_DEVICES.zip,ASTROLOVE_CANCER_CAPRICORN_5_EDITIONS_ALL_DEVICES.zip,18089450,18.089,7da4c635bb8ce99ee8d9a6b808ad6dc3886d88a20ebef21d700a722be60d3c16,ad6dda04674bbe184830360852a29fefa495e74dce5efbd37bd93c24bab2af21,64999672f8f59bb35ecc7cdec17455beb54accaa2e542af04818f2880f10b064,true,20,PASS
26,CANCER_GEMINI,Cancer + Gemini,CANCER_GEMINI/ASTROLOVE_CANCER_GEMINI_5_EDITIONS_ALL_DEVICES.zip,ASTROLOVE_CANCER_GEMINI_5_EDITIONS_ALL_DEVICES.zip,18242756,18.243,cdf6bb97b085fc4f11204891b86b1ed9e6a45ff68ab6ddfce6a4acb1266fba49,52e6b9f6f75c6d3c2380f804daa453d92e9a77e9a8eab6ce0ca99a95590617c5,f6cb45a968fbc1dc729a832d68d071cfbd7491474c46c10b434455dd8b8a9565,true,20,PASS
27,CANCER_LEO,Cancer + Leo,CANCER_LEO/ASTROLOVE_CANCER_LEO_5_EDITIONS_ALL_DEVICES.zip,ASTROLOVE_CANCER_LEO_5_EDITIONS_ALL_DEVICES.zip,18593464,18.593,5fd43d0f59c3107e40698aa97415acd727bd6d54686ae6ac979bb09897a1e5e6,cc7ee435213f75b17c17610f356cfec3ac5e76fd05e20bdb1d86ee23cd07f7c4,9143f255a4324afc7ecbea78c8902fe8aac28f147721dd89343e032a8d123e48,true,20,PASS
28,CANCER_LIBRA,Cancer + Libra,CANCER_LIBRA/ASTROLOVE_CANCER_LIBRA_5_EDITIONS_ALL_DEVICES.zip,ASTROLOVE_CANCER_LIBRA_5_EDITIONS_ALL_DEVICES.zip,18657572,18.658,142c2a5814a918b0ae66d4b15129cc9485ee4e9e24011dd5ef8568da9486dbd7,869002617f33f571b354890f30bdb659cf7c22ebffe37c3f5f7cbf12ef431ca8,a4a0e358c30e295f4953804f98cedc1daa6ab38234719551f64b7d9e1c974093,true,20,PASS
29,CANCER_PISCES,Cancer + Pisces,CANCER_PISCES/ASTROLOVE_CANCER_PISCES_5_EDITIONS_ALL_DEVICES.zip,ASTROLOVE_CANCER_PISCES_5_EDITIONS_ALL_DEVICES.zip,18860177,18.860,bae7f95c89615bc2515f2cda739528966e31a93724f5ef5d2d9ad0f7b32bf9f5,754fc170eba2ebf5116c4b5b07cd65411e47a6958f71e6062273491d09e66969,61994dd899a5b34318f77e8ebbecbe4166d5b6f21afd2e910d5ed72d221485e3,true,20,PASS
30,CANCER_SAGITTARIUS,Cancer + Sagittarius,CANCER_SAGITTARIUS/ASTROLOVE_CANCER_SAGITTARIUS_5_EDITIONS_ALL_DEVICES.zip,ASTROLOVE_CANCER_SAGITTARIUS_5_EDITIONS_ALL_DEVICES.zip,18702364,18.702,5de50576ff3c8516e9ee1b86042d84ecace113c486c92afde16d2c1bb8b259c4,e8a85bb8f8b0a30557b35170ffb0e7e5eb54727ed2e9822c365119146b71d859,5362390c09e2b311c6c5bc5d9926ff084c28ce0526ccbff157f34042faf91754,true,20,PASS
31,CANCER_SCORPIO,Cancer + Scorpio,CANCER_SCORPIO/ASTROLOVE_CANCER_SCORPIO_5_EDITIONS_ALL_DEVICES.zip,ASTROLOVE_CANCER_SCORPIO_5_EDITIONS_ALL_DEVICES.zip,18457235,18.457,f81eefbfd1c5cafdbcadf2dd5f3e04289df5411266b9461aa44b47125bc8f9a1,26f0e0e64265e7aeba41c3447f29706c651a7f6bbb7b4f6e8fdd46551e2ae774,6156ca55cf3100e0e629634725951055bc087f3f5101f75532ff949870d39a6e,true,20,PASS
32,CANCER_TAURUS,Cancer + Taurus,CANCER_TAURUS/ASTROLOVE_CANCER_TAURUS_5_EDITIONS_ALL_DEVICES.zip,ASTROLOVE_CANCER_TAURUS_5_EDITIONS_ALL_DEVICES.zip,18524417,18.524,bc4fab4792f146fc900ceaa616ef2b4faa6a57815dc9ae4786dfe03299ccd3b1,fbc9bc3f767e9db7802ef4ff07a65b633d49c5b9eef3a51ff71ccc6fabccde30,dc7129ca31b735d3f9dd34a800aae622d793141dae09f81984c253c4c489c688,true,20,PASS
33,CANCER_VIRGO,Cancer + Virgo,CANCER_VIRGO/ASTROLOVE_CANCER_VIRGO_5_EDITIONS_ALL_DEVICES.zip,ASTROLOVE_CANCER_VIRGO_5_EDITIONS_ALL_DEVICES.zip,18975471,18.975,ce67058b749d1895a6f54ea974b4e4037d671a38852911aaa408c668b8c299ab,3c6a36f6c36691be252bc8421890a08a7f11c39a549c18d548a8f68def13ddee,5db2b8f8626ba2ec5595c5eb64b6b459158a7940325eec7665bbe8f14b74c425,true,20,PASS
34,CAPRICORN_CAPRICORN,Capricorn + Capricorn,CAPRICORN_CAPRICORN/ASTROLOVE_CAPRICORN_CAPRICORN_5_EDITIONS_ALL_DEVICES.zip,ASTROLOVE_CAPRICORN_CAPRICORN_5_EDITIONS_ALL_DEVICES.zip,17739521,17.740,f5179a83a542daf738185b4f5cac6e90b54018198d33321205dcf1cd1439456c,f66d3d80e0a1dc816888676eccdfc47ef4fc4aeb0de809363916b71932203207,125558b54d266a0d66c28865ada81996ca979c31f39bbefffbbd9f33decbc3c7,true,20,PASS
35,CAPRICORN_GEMINI,Capricorn + Gemini,CAPRICORN_GEMINI/ASTROLOVE_CAPRICORN_GEMINI_5_EDITIONS_ALL_DEVICES.zip,ASTROLOVE_CAPRICORN_GEMINI_5_EDITIONS_ALL_DEVICES.zip,17792176,17.792,4917c815aa61e8c3cd43e0b80b62b85a80c8bcae6513e5fdd8545a6aa83a7430,53ebbbdab227eda1fd464b268bec8ec195e8e1b437b6b086739de6c62993d73e,35ad1c36a38623ad2c0716f4c2ebde8e84b4be7f88b10dafd8679dc715ae6740,true,20,PASS
36,CAPRICORN_LEO,Capricorn + Leo,CAPRICORN_LEO/ASTROLOVE_CAPRICORN_LEO_5_EDITIONS_ALL_DEVICES.zip,ASTROLOVE_CAPRICORN_LEO_5_EDITIONS_ALL_DEVICES.zip,18057689,18.058,4f06445ebb27c5e8dda11dcb5dbba88ec8c315d8bece5a111ec6a3bf5d77d466,c46eff3e43895bff166dfdc55e531ec49b7a3bf3369b469f9746af2c36a2d7be,56604ead9496584ae77e10d5d36ab4008c10107d26fe4e6b7f38148f034ec5ce,true,20,PASS
37,CAPRICORN_LIBRA,Capricorn + Libra,CAPRICORN_LIBRA/ASTROLOVE_CAPRICORN_LIBRA_5_EDITIONS_ALL_DEVICES.zip,ASTROLOVE_CAPRICORN_LIBRA_5_EDITIONS_ALL_DEVICES.zip,17730695,17.731,b6254769cdc2fe8f4f45657361397647f3d98b4c6a4cdd2df4e5a5dc17c6ca08,41d4ce7ec2aa9f9867afc23bdbd766974b48dfa229fa36aea91814592822d297,c90e89a0c1a0227e58afab85f8170473164638e8dd2d368c23852ed28f20c69d,true,20,PASS
38,CAPRICORN_PISCES,Capricorn + Pisces,CAPRICORN_PISCES/ASTROLOVE_CAPRICORN_PISCES_5_EDITIONS_ALL_DEVICES.zip,ASTROLOVE_CAPRICORN_PISCES_5_EDITIONS_ALL_DEVICES.zip,17889847,17.890,32adf4e06c012a877a6117db297c880bcd17dbd071fff33efe94ac430c1ed953,8871c6dbc29d14ae3c074415b20736e00e8814b616a440a9c845ad62d293c88c,aaa830663f579d3a30adb25ef7a1fa705d439d0695e472877725a8215933bedf,true,20,PASS
39,CAPRICORN_SAGITTARIUS,Capricorn + Sagittarius,CAPRICORN_SAGITTARIUS/ASTROLOVE_CAPRICORN_SAGITTARIUS_5_EDITIONS_ALL_DEVICES.zip,ASTROLOVE_CAPRICORN_SAGITTARIUS_5_EDITIONS_ALL_DEVICES.zip,18679827,18.680,4b978b4d3bed1ce8f298fa784790fe5c945148b872688ba375647f1586768b2c,62e05fb36a0454ad0a918a3d788788c3e2955369715f05507171f7c1a7872e17,fa0f3cccba3372192b4dd9c007002b4acc0c64b02082b57608890394823d7c0c,true,20,PASS
40,CAPRICORN_SCORPIO,Capricorn + Scorpio,CAPRICORN_SCORPIO/ASTROLOVE_CAPRICORN_SCORPIO_5_EDITIONS_ALL_DEVICES.zip,ASTROLOVE_CAPRICORN_SCORPIO_5_EDITIONS_ALL_DEVICES.zip,17918834,17.919,33d5528c27febc2ae6579361f4021bdd7e8948485db569b90cdbddbe30a7d621,2f7f28188f5038380ca0c435a1e1607172b19a16ec04c87e334ee64abffdae24,f34a2e9ba26731c742cc1fa88de29ceeeccfd040225d38f280938b605b497eb2,true,20,PASS
41,CAPRICORN_TAURUS,Capricorn + Taurus,CAPRICORN_TAURUS/ASTROLOVE_CAPRICORN_TAURUS_5_EDITIONS_ALL_DEVICES.zip,ASTROLOVE_CAPRICORN_TAURUS_5_EDITIONS_ALL_DEVICES.zip,18697903,18.698,b19aa9e75dc9c1c109c745e309480b2e61e2d97a0a113400cb08d9cd0c195438,64553e8fda88ab0c406b83c7af29f5a5432902ed26f05c4a65f2f3f9a581a06b,ec0c48406222b747437cc73e420e8004702194b2a9463c036cc0725c73926def,true,20,PASS
42,CAPRICORN_VIRGO,Capricorn + Virgo,CAPRICORN_VIRGO/ASTROLOVE_CAPRICORN_VIRGO_5_EDITIONS_ALL_DEVICES.zip,ASTROLOVE_CAPRICORN_VIRGO_5_EDITIONS_ALL_DEVICES.zip,17981238,17.981,c1a70a81a3ec76fcde67171c2b783d3f03afa4c007443fd9fdfcff7bb6a42db6,5843e0cca34efcc602ba055bc22b60a6da12be782d3a731cbd21113f70294d2f,e27a735aefb2f265b1bb59a3ad8727af265cbdde6c379d2e00bd3251acafd28a,true,20,PASS
43,GEMINI_GEMINI,Gemini + Gemini,GEMINI_GEMINI/ASTROLOVE_GEMINI_GEMINI_5_EDITIONS_ALL_DEVICES.zip,ASTROLOVE_GEMINI_GEMINI_5_EDITIONS_ALL_DEVICES.zip,18688565,18.689,16d8cde95dd92bd804cfa79d79cf11e78cfdc1989794792fc36082e5f204553c,58977f7a5de68c07c57f710da77e58a01eabfb4b268c457cb0792fe33f696ba6,0bb06ea74bedf73aad717b080a1bf38a2ee8071ee94612cb4eef45bb66ea10a5,true,20,PASS
44,GEMINI_LEO,Gemini + Leo,GEMINI_LEO/ASTROLOVE_GEMINI_LEO_5_EDITIONS_ALL_DEVICES.zip,ASTROLOVE_GEMINI_LEO_5_EDITIONS_ALL_DEVICES.zip,18274777,18.275,bc4c4833e13775996468392d19b1e80b0021cfbb34d6225b164bd36602d2a12e,f422034c1f7848b1ef92f9de8af47701ac1d939a1e083fca858159859d304ecc,a1560b3839b2b7639c5afbc2bb97c8b4861fb0a7f702cd610d8e39d8a40fcc66,true,20,PASS
