cift,tur,korunan_listing_id,mevcut_edisyon,korunma_sebebi,siparis,favori,ziyaret,yeni_baslik,baslik_karakter,etiket_1,etiket_2,etiket_sayisi,eski_fiyat_usd,yeni_fiyat_usd,teslim_renk_sayisi,teslim_renkler,teslim_dosya_sayisi,teslim_dosyalar,zip_ici,when_made,listing_type,kisisellestirme,pasife_alinacak_idler,eksik_kodlari
Aquarius + Aquarius,dijital_wall_art,4552211376,Champagne Ivory,ziyaret (1),0,0,1,"Aquarius and Aquarius Personalized Zodiac Couple Wall Art, Names and Message, Digital Files",91,aquarius wall art,aquarius zodiac,13,9.99,14.99,5,Midnight Blue; Deep Black; Pure White; Champagne Ivory; Warm Parchment,5,AstroLove_Aquarius_Aquarius_Midnight_Blue_ALL_SIZES.zip; AstroLove_Aquarius_Aquarius_Deep_Black_ALL_SIZES.zip; AstroLove_Aquarius_Aquarius_Pure_White_ALL_SIZES.zip; AstroLove_Aquarius_Aquarius_Champagne_Ivory_ALL_SIZES.zip; AstroLove_Aquarius_Aquarius_Warm_Parchment_ALL_SIZES.zip,"5 JPG (2:3 7200x10800, 3:4 7200x9600, 4:5 7200x9000, 11:14 6600x8400, A 9934x14044) + Print and Care Guide PDF",made_to_order,download,First name (30) | Second name (30) | Short message (80),4555406337;4555116635;4553802506;4556453435,-
Aquarius + Aries,dijital_wall_art,4553814114,Midnight Blue,ziyaret (1),0,0,1,"Aquarius and Aries Personalized Zodiac Couple Wall Art, Names and Message, Digital Files",88,aquarius wall art,aries zodiac,13,9.99,14.99,5,Midnight Blue; Deep Black; Pure White; Champagne Ivory; Warm Parchment,5,AstroLove_Aquarius_Aries_Midnight_Blue_ALL_SIZES.zip; AstroLove_Aquarius_Aries_Deep_Black_ALL_SIZES.zip; AstroLove_Aquarius_Aries_Pure_White_ALL_SIZES.zip; AstroLove_Aquarius_Aries_Champagne_Ivory_ALL_SIZES.zip; AstroLove_Aquarius_Aries_Warm_Parchment_ALL_SIZES.zip,"5 JPG (2:3 7200x10800, 3:4 7200x9600, 4:5 7200x9000, 11:14 6600x8400, A 9934x14044) + Print and Care Guide PDF",made_to_order,download,First name (30) | Second name (30) | Short message (80),4552218990;4555406651;4556468510;4555130140,-
Aquarius + Cancer,dijital_wall_art,4552222590,Champagne Ivory,ziyaret (6),0,0,6,"Aquarius and Cancer Personalized Zodiac Couple Wall Art, Names and Message, Digital Files",89,aquarius wall art,cancer zodiac,13,9.99,14.99,5,Midnight Blue; Deep Black; Pure White; Champagne Ivory; Warm Parchment,5,AstroLove_Aquarius_Cancer_Midnight_Blue_ALL_SIZES.zip; AstroLove_Aquarius_Cancer_Deep_Black_ALL_SIZES.zip; AstroLove_Aquarius_Cancer_Pure_White_ALL_SIZES.zip; AstroLove_Aquarius_Cancer_Champagne_Ivory_ALL_SIZES.zip; AstroLove_Aquarius_Cancer_Warm_Parchment_ALL_SIZES.zip,"5 JPG (2:3 7200x10800, 3:4 7200x9600, 4:5 7200x9000, 11:14 6600x8400, A 9934x14044) + Print and Care Guide PDF",made_to_order,download,First name (30) | Second name (30) | Short message (80),4553814670;4555417846;4556468682;4555130446,-
Aquarius + Capricorn,dijital_wall_art,4553815154,Midnight Blue,ziyaret (2),0,0,2,"Aquarius and Capricorn Personalized Zodiac Couple Wall Art, Names and Message, Digital Files",92,aquarius wall art,capricorn zodiac,13,9.99,14.99,5,Midnight Blue; Deep Black; Pure White; Champagne Ivory; Warm Parchment,5,AstroLove_Aquarius_Capricorn_Midnight_Blue_ALL_SIZES.zip; AstroLove_Aquarius_Capricorn_Deep_Black_ALL_SIZES.zip; AstroLove_Aquarius_Capricorn_Pure_White_ALL_SIZES.zip; AstroLove_Aquarius_Capricorn_Champagne_Ivory_ALL_SIZES.zip; AstroLove_Aquarius_Capricorn_Warm_Parchment_ALL_SIZES.zip,"5 JPG (2:3 7200x10800, 3:4 7200x9600, 4:5 7200x9000, 11:14 6600x8400, A 9934x14044) + Print and Care Guide PDF",made_to_order,download,First name (30) | Second name (30) | Short message (80),4552229158;4556453991;4555407175;4555130982,-
Aquarius + Gemini,dijital_wall_art,4555418438,Deep Black,ziyaret (2),0,0,2,"Aquarius and Gemini Personalized Zodiac Couple Wall Art, Names and Message, Digital Files",89,aquarius wall art,gemini zodiac,13,9.99,14.99,5,Midnight Blue; Deep Black; Pure White; Champagne Ivory; Warm Parchment,5,AstroLove_Aquarius_Gemini_Midnight_Blue_ALL_SIZES.zip; AstroLove_Aquarius_Gemini_Deep_Black_ALL_SIZES.zip; AstroLove_Aquarius_Gemini_Pure_White_ALL_SIZES.zip; AstroLove_Aquarius_Gemini_Champagne_Ivory_ALL_SIZES.zip; AstroLove_Aquarius_Gemini_Warm_Parchment_ALL_SIZES.zip,"5 JPG (2:3 7200x10800, 3:4 7200x9600, 4:5 7200x9000, 11:14 6600x8400, A 9934x14044) + Print and Care Guide PDF",made_to_order,download,First name (30) | Second name (30) | Short message (80),4553805327;4552221199;4556469082;4555118635,-
Aquarius + Leo,dijital_wall_art,4552223115,Champagne Ivory,ziyaret (2),0,0,2,"Aquarius and Leo Personalized Zodiac Couple Wall Art, Names and Message, Digital Files",86,aquarius wall art,leo zodiac,13,9.99,14.99,5,Midnight Blue; Deep Black; Pure White; Champagne Ivory; Warm Parchment,5,AstroLove_Aquarius_Leo_Midnight_Blue_ALL_SIZES.zip; AstroLove_Aquarius_Leo_Deep_Black_ALL_SIZES.zip; AstroLove_Aquarius_Leo_Pure_White_ALL_SIZES.zip; AstroLove_Aquarius_Leo_Champagne_Ivory_ALL_SIZES.zip; AstroLove_Aquarius_Leo_Warm_Parchment_ALL_SIZES.zip,"5 JPG (2:3 7200x10800, 3:4 7200x9600, 4:5 7200x9000, 11:14 6600x8400, A 9934x14044) + Print and Care Guide PDF",made_to_order,download,First name (30) | Second name (30) | Short message (80),4555418684;4553805811;4556454335;4555118947,-
Aquarius + Libra,dijital_wall_art,4553816874,Midnight Blue,ziyaret (1),0,0,1,"Aquarius and Libra Personalized Zodiac Couple Wall Art, Names and Message, Digital Files",88,aquarius wall art,libra zodiac,13,9.99,14.99,5,Midnight Blue; Deep Black; Pure White; Champagne Ivory; Warm Parchment,5,AstroLove_Aquarius_Libra_Midnight_Blue_ALL_SIZES.zip; AstroLove_Aquarius_Libra_Deep_Black_ALL_SIZES.zip; AstroLove_Aquarius_Libra_Pure_White_ALL_SIZES.zip; AstroLove_Aquarius_Libra_Champagne_Ivory_ALL_SIZES.zip; AstroLove_Aquarius_Libra_Warm_Parchment_ALL_SIZES.zip,"5 JPG (2:3 7200x10800, 3:4 7200x9600, 4:5 7200x9000, 11:14 6600x8400, A 9934x14044) + Print and Care Guide PDF",made_to_order,download,First name (30) | Second name (30) | Short message (80),4552236202;4555408089;4556454543;4555119283,-
Aquarius + Pisces,dijital_wall_art,4552238736,Champagne Ivory,ziyaret (11),0,0,11,"Aquarius and Pisces Personalized Zodiac Couple Wall Art, Names and Message, Digital Files",89,aquarius wall art,pisces zodiac,13,9.99,14.99,5,Midnight Blue; Deep Black; Pure White; Champagne Ivory; Warm Parchment,5,AstroLove_Aquarius_Pisces_Midnight_Blue_ALL_SIZES.zip; AstroLove_Aquarius_Pisces_Deep_Black_ALL_SIZES.zip; AstroLove_Aquarius_Pisces_Pure_White_ALL_SIZES.zip; AstroLove_Aquarius_Pisces_Champagne_Ivory_ALL_SIZES.zip; AstroLove_Aquarius_Pisces_Warm_Parchment_ALL_SIZES.zip,"5 JPG (2:3 7200x10800, 3:4 7200x9600, 4:5 7200x9000, 11:14 6600x8400, A 9934x14044) + Print and Care Guide PDF",made_to_order,download,First name (30) | Second name (30) | Short message (80),4555132658;4553806901;4555419248;4556469622,-
Aquarius + Sagittarius,dijital_wall_art,4556469802,Pure White,ziyaret (1),0,0,1,"Aquarius and Sagittarius Personalized Zodiac Couple Wall Art, Names and Message, Digital Files",94,aquarius wall art,sagittarius zodiac,13,9.99,14.99,5,Midnight Blue; Deep Black; Pure White; Champagne Ivory; Warm Parchment,5,AstroLove_Aquarius_Sagittarius_Midnight_Blue_ALL_SIZES.zip; AstroLove_Aquarius_Sagittarius_Deep_Black_ALL_SIZES.zip; AstroLove_Aquarius_Sagittarius_Pure_White_ALL_SIZES.zip; AstroLove_Aquarius_Sagittarius_Champagne_Ivory_ALL_SIZES.zip; AstroLove_Aquarius_Sagittarius_Warm_Parchment_ALL_SIZES.zip,"5 JPG (2:3 7200x10800, 3:4 7200x9600, 4:5 7200x9000, 11:14 6600x8400, A 9934x14044) + Print and Care Guide PDF",made_to_order,download,First name (30) | Second name (30) | Short message (80),4553807425;4552229669;4555419476;4555120013,-
Aquarius + Scorpio,dijital_wall_art,4552573692,Champagne Ivory,ziyaret (3),0,0,3,"Aquarius and Scorpio Personalized Zodiac Couple Wall Art, Names and Message, Digital Files",90,aquarius wall art,scorpio zodiac,13,9.99,14.99,5,Midnight Blue; Deep Black; Pure White; Champagne Ivory; Warm Parchment,5,AstroLove_Aquarius_Scorpio_Midnight_Blue_ALL_SIZES.zip; AstroLove_Aquarius_Scorpio_Deep_Black_ALL_SIZES.zip; AstroLove_Aquarius_Scorpio_Pure_White_ALL_SIZES.zip; AstroLove_Aquarius_Scorpio_Champagne_Ivory_ALL_SIZES.zip; AstroLove_Aquarius_Scorpio_Warm_Parchment_ALL_SIZES.zip,"5 JPG (2:3 7200x10800, 3:4 7200x9600, 4:5 7200x9000, 11:14 6600x8400, A 9934x14044) + Print and Care Guide PDF",made_to_order,download,First name (30) | Second name (30) | Short message (80),4555408851;4553807977;4556455057;4555120553,-
Aquarius + Taurus,dijital_wall_art,4552573812,Champagne Ivory,ziyaret (2),0,0,2,"Aquarius and Taurus Personalized Zodiac Couple Wall Art, Names and Message, Digital Files",89,aquarius wall art,taurus zodiac,13,9.99,14.99,5,Midnight Blue; Deep Black; Pure White; Champagne Ivory; Warm Parchment,5,AstroLove_Aquarius_Taurus_Midnight_Blue_ALL_SIZES.zip; AstroLove_Aquarius_Taurus_Deep_Black_ALL_SIZES.zip; AstroLove_Aquarius_Taurus_Pure_White_ALL_SIZES.zip; AstroLove_Aquarius_Taurus_Champagne_Ivory_ALL_SIZES.zip; AstroLove_Aquarius_Taurus_Warm_Parchment_ALL_SIZES.zip,"5 JPG (2:3 7200x10800, 3:4 7200x9600, 4:5 7200x9000, 11:14 6600x8400, A 9934x14044) + Print and Care Guide PDF",made_to_order,download,First name (30) | Second name (30) | Short message (80),4556455211;4553808541;4555419944;4555133872,-
Aquarius + Virgo,dijital_wall_art,4555409327,Deep Black,ziyaret (1),0,0,1,"Aquarius and Virgo Personalized Zodiac Couple Wall Art, Names and Message, Digital Files",88,aquarius wall art,virgo zodiac,13,9.99,14.99,5,Midnight Blue; Deep Black; Pure White; Champagne Ivory; Warm Parchment,5,AstroLove_Aquarius_Virgo_Midnight_Blue_ALL_SIZES.zip; AstroLove_Aquarius_Virgo_Deep_Black_ALL_SIZES.zip; AstroLove_Aquarius_Virgo_Pure_White_ALL_SIZES.zip; AstroLove_Aquarius_Virgo_Champagne_Ivory_ALL_SIZES.zip; AstroLove_Aquarius_Virgo_Warm_Parchment_ALL_SIZES.zip,"5 JPG (2:3 7200x10800, 3:4 7200x9600, 4:5 7200x9000, 11:14 6600x8400, A 9934x14044) + Print and Care Guide PDF",made_to_order,download,First name (30) | Second name (30) | Short message (80),4555121167;4553819600;4552561179;4556470324,-
Aries + Aries,dijital_wall_art,4553809567,Midnight Blue,ziyaret (3),0,0,3,"Aries and Aries Personalized Zodiac Couple Wall Art, Names and Message, Digital Files",85,aries wall art,aries zodiac,13,9.99,14.99,5,Midnight Blue; Deep Black; Pure White; Champagne Ivory; Warm Parchment,5,AstroLove_Aries_Aries_Midnight_Blue_ALL_SIZES.zip; AstroLove_Aries_Aries_Deep_Black_ALL_SIZES.zip; AstroLove_Aries_Aries_Pure_White_ALL_SIZES.zip; AstroLove_Aries_Aries_Champagne_Ivory_ALL_SIZES.zip; AstroLove_Aries_Aries_Warm_Parchment_ALL_SIZES.zip,"5 JPG (2:3 7200x10800, 3:4 7200x9600, 4:5 7200x9000, 11:14 6600x8400, A 9934x14044) + Print and Care Guide PDF",made_to_order,download,First name (30) | Second name (30) | Short message (80),4552561341;4555409563;4556470506;4555121525,-
Aries + Cancer,dijital_wall_art,4553820536,Midnight Blue,ziyaret (3),0,0,3,"Aries and Cancer Personalized Zodiac Couple Wall Art, Names and Message, Digital Files",86,aries wall art,cancer zodiac,13,9.99,14.99,5,Midnight Blue; Deep Black; Pure White; Champagne Ivory; Warm Parchment,5,AstroLove_Aries_Cancer_Midnight_Blue_ALL_SIZES.zip; AstroLove_Aries_Cancer_Deep_Black_ALL_SIZES.zip; AstroLove_Aries_Cancer_Pure_White_ALL_SIZES.zip; AstroLove_Aries_Cancer_Champagne_Ivory_ALL_SIZES.zip; AstroLove_Aries_Cancer_Warm_Parchment_ALL_SIZES.zip,"5 JPG (2:3 7200x10800, 3:4 7200x9600, 4:5 7200x9000, 11:14 6600x8400, A 9934x14044) + Print and Care Guide PDF",made_to_order,download,First name (30) | Second name (30) | Short message (80),4552574138;4555420728;4556470646;4555121853,-
Aries + Capricorn,dijital_wall_art,4556455827,Pure White,ziyaret (1),0,0,1,"Aries and Capricorn Personalized Zodiac Couple Wall Art, Names and Message, Digital Files",89,aries wall art,capricorn zodiac,13,9.99,14.99,5,Midnight Blue; Deep Black; Pure White; Champagne Ivory; Warm Parchment,5,AstroLove_Aries_Capricorn_Midnight_Blue_ALL_SIZES.zip; AstroLove_Aries_Capricorn_Deep_Black_ALL_SIZES.zip; AstroLove_Aries_Capricorn_Pure_White_ALL_SIZES.zip; AstroLove_Aries_Capricorn_Champagne_Ivory_ALL_SIZES.zip; AstroLove_Aries_Capricorn_Warm_Parchment_ALL_SIZES.zip,"5 JPG (2:3 7200x10800, 3:4 7200x9600, 4:5 7200x9000, 11:14 6600x8400, A 9934x14044) + Print and Care Guide PDF",made_to_order,download,First name (30) | Second name (30) | Short message (80),4555122383;4553821066;4552561607;4555410019,-
Aries + Gemini,dijital_wall_art,4555410275,Deep Black,ziyaret (3),0,0,3,"Aries and Gemini Personalized Zodiac Couple Wall Art, Names and Message, Digital Files",86,aries wall art,gemini zodiac,13,9.99,14.99,5,Midnight Blue; Deep Black; Pure White; Champagne Ivory; Warm Parchment,5,AstroLove_Aries_Gemini_Midnight_Blue_ALL_SIZES.zip; AstroLove_Aries_Gemini_Deep_Black_ALL_SIZES.zip; AstroLove_Aries_Gemini_Pure_White_ALL_SIZES.zip; AstroLove_Aries_Gemini_Champagne_Ivory_ALL_SIZES.zip; AstroLove_Aries_Gemini_Warm_Parchment_ALL_SIZES.zip,"5 JPG (2:3 7200x10800, 3:4 7200x9600, 4:5 7200x9000, 11:14 6600x8400, A 9934x14044) + Print and Care Guide PDF",made_to_order,download,First name (30) | Second name (30) | Short message (80),4553811151;4552561735;4556470990;4555135852,-
Aries + Leo,dijital_wall_art,4553811743,Midnight Blue,ziyaret (1),0,0,1,"Aries and Leo Personalized Zodiac Couple Wall Art, Names and Message, Digital Files",83,aries wall art,leo zodiac,13,9.99,14.99,5,Midnight Blue; Deep Black; Pure White; Champagne Ivory; Warm Parchment,5,AstroLove_Aries_Leo_Midnight_Blue_ALL_SIZES.zip; AstroLove_Aries_Leo_Deep_Black_ALL_SIZES.zip; AstroLove_Aries_Leo_Pure_White_ALL_SIZES.zip; AstroLove_Aries_Leo_Champagne_Ivory_ALL_SIZES.zip; AstroLove_Aries_Leo_Warm_Parchment_ALL_SIZES.zip,"5 JPG (2:3 7200x10800, 3:4 7200x9600, 4:5 7200x9000, 11:14 6600x8400, A 9934x14044) + Print and Care Guide PDF",made_to_order,download,First name (30) | Second name (30) | Short message (80),4552574562;4555421456;4556456145;4555136158,-
Aries + Libra,dijital_wall_art,4555421746,Deep Black,ziyaret (3),0,0,3,"Aries and Libra Personalized Zodiac Couple Wall Art, Names and Message, Digital Files",85,aries wall art,libra zodiac,13,9.99,14.99,5,Midnight Blue; Deep Black; Pure White; Champagne Ivory; Warm Parchment,5,AstroLove_Aries_Libra_Midnight_Blue_ALL_SIZES.zip; AstroLove_Aries_Libra_Deep_Black_ALL_SIZES.zip; AstroLove_Aries_Libra_Pure_White_ALL_SIZES.zip; AstroLove_Aries_Libra_Champagne_Ivory_ALL_SIZES.zip; AstroLove_Aries_Libra_Warm_Parchment_ALL_SIZES.zip,"5 JPG (2:3 7200x10800, 3:4 7200x9600, 4:5 7200x9000, 11:14 6600x8400, A 9934x14044) + Print and Care Guide PDF",made_to_order,download,First name (30) | Second name (30) | Short message (80),4555123485;4553822754;4552562001;4556471338,-
Aries + Pisces,dijital_wall_art,4553823320,Midnight Blue,ziyaret (2),0,0,2,"Aries and Pisces Personalized Zodiac Couple Wall Art, Names and Message, Digital Files",86,aries wall art,pisces zodiac,13,9.99,14.99,5,Midnight Blue; Deep Black; Pure White; Champagne Ivory; Warm Parchment,5,AstroLove_Aries_Pisces_Midnight_Blue_ALL_SIZES.zip; AstroLove_Aries_Pisces_Deep_Black_ALL_SIZES.zip; AstroLove_Aries_Pisces_Pure_White_ALL_SIZES.zip; AstroLove_Aries_Pisces_Champagne_Ivory_ALL_SIZES.zip; AstroLove_Aries_Pisces_Warm_Parchment_ALL_SIZES.zip,"5 JPG (2:3 7200x10800, 3:4 7200x9600, 4:5 7200x9000, 11:14 6600x8400, A 9934x14044) + Print and Care Guide PDF",made_to_order,download,First name (30) | Second name (30) | Short message (80),4555422012;4552574862;4556456527;4555123887,-
Aries + Sagittarius,dijital_wall_art,4556471710,Pure White,ziyaret (1),0,0,1,"Aries and Sagittarius Personalized Zodiac Couple Wall Art, Names and Message, Digital Files",91,aries wall art,sagittarius zodiac,13,9.99,14.99,5,Midnight Blue; Deep Black; Pure White; Champagne Ivory; Warm Parchment,5,AstroLove_Aries_Sagittarius_Midnight_Blue_ALL_SIZES.zip; AstroLove_Aries_Sagittarius_Deep_Black_ALL_SIZES.zip; AstroLove_Aries_Sagittarius_Pure_White_ALL_SIZES.zip; AstroLove_Aries_Sagittarius_Champagne_Ivory_ALL_SIZES.zip; AstroLove_Aries_Sagittarius_Warm_Parchment_ALL_SIZES.zip,"5 JPG (2:3 7200x10800, 3:4 7200x9600, 4:5 7200x9000, 11:14 6600x8400, A 9934x14044) + Print and Care Guide PDF",made_to_order,download,First name (30) | Second name (30) | Short message (80),4553823876;4552574996;4555411267;4555124243,-
Aries + Scorpio,dijital_wall_art,4555411521,Deep Black,siparis (1),1,0,6,"Aries and Scorpio Personalized Zodiac Couple Wall Art, Names and Message, Digital Files",87,aries wall art,scorpio zodiac,13,9.99,14.99,5,Midnight Blue; Deep Black; Pure White; Champagne Ivory; Warm Parchment,5,AstroLove_Aries_Scorpio_Midnight_Blue_ALL_SIZES.zip; AstroLove_Aries_Scorpio_Deep_Black_ALL_SIZES.zip; AstroLove_Aries_Scorpio_Pure_White_ALL_SIZES.zip; AstroLove_Aries_Scorpio_Champagne_Ivory_ALL_SIZES.zip; AstroLove_Aries_Scorpio_Warm_Parchment_ALL_SIZES.zip,"5 JPG (2:3 7200x10800, 3:4 7200x9600, 4:5 7200x9000, 11:14 6600x8400, A 9934x14044) + Print and Care Guide PDF",made_to_order,download,First name (30) | Second name (30) | Short message (80),4552575122;4556456919;4555137528;4553813845,-
Aries + Taurus,dijital_wall_art,4553814319,Midnight Blue,ziyaret (2),0,0,2,"Aries and Taurus Personalized Zodiac Couple Wall Art, Names and Message, Digital Files",86,aries wall art,taurus zodiac,13,9.99,14.99,5,Midnight Blue; Deep Black; Pure White; Champagne Ivory; Warm Parchment,5,AstroLove_Aries_Taurus_Midnight_Blue_ALL_SIZES.zip; AstroLove_Aries_Taurus_Deep_Black_ALL_SIZES.zip; AstroLove_Aries_Taurus_Pure_White_ALL_SIZES.zip; AstroLove_Aries_Taurus_Champagne_Ivory_ALL_SIZES.zip; AstroLove_Aries_Taurus_Warm_Parchment_ALL_SIZES.zip,"5 JPG (2:3 7200x10800, 3:4 7200x9600, 4:5 7200x9000, 11:14 6600x8400, A 9934x14044) + Print and Care Guide PDF",made_to_order,download,First name (30) | Second name (30) | Short message (80),4552562621;4555422854;4556457125;4555137974,-
Aries + Virgo,dijital_wall_art,4555125405,Warm Parchment,ziyaret (2),0,0,2,"Aries and Virgo Personalized Zodiac Couple Wall Art, Names and Message, Digital Files",85,aries wall art,virgo zodiac,13,9.99,14.99,5,Midnight Blue; Deep Black; Pure White; Champagne Ivory; Warm Parchment,5,AstroLove_Aries_Virgo_Midnight_Blue_ALL_SIZES.zip; AstroLove_Aries_Virgo_Deep_Black_ALL_SIZES.zip; AstroLove_Aries_Virgo_Pure_White_ALL_SIZES.zip; AstroLove_Aries_Virgo_Champagne_Ivory_ALL_SIZES.zip; AstroLove_Aries_Virgo_Warm_Parchment_ALL_SIZES.zip,"5 JPG (2:3 7200x10800, 3:4 7200x9600, 4:5 7200x9000, 11:14 6600x8400, A 9934x14044) + Print and Care Guide PDF",made_to_order,download,First name (30) | Second name (30) | Short message (80),4552562763;4553814877;4555412061;4556472246,-
Cancer + Cancer,dijital_wall_art,4553815453,Midnight Blue,esitlik -> Midnight Blue,0,0,0,"Cancer and Cancer Personalized Zodiac Couple Wall Art, Names and Message, Digital Files",87,cancer wall art,cancer zodiac,13,9.99,14.99,5,Midnight Blue; Deep Black; Pure White; Champagne Ivory; Warm Parchment,5,AstroLove_Cancer_Cancer_Midnight_Blue_ALL_SIZES.zip; AstroLove_Cancer_Cancer_Deep_Black_ALL_SIZES.zip; AstroLove_Cancer_Cancer_Pure_White_ALL_SIZES.zip; AstroLove_Cancer_Cancer_Champagne_Ivory_ALL_SIZES.zip; AstroLove_Cancer_Cancer_Warm_Parchment_ALL_SIZES.zip,"5 JPG (2:3 7200x10800, 3:4 7200x9600, 4:5 7200x9000, 11:14 6600x8400, A 9934x14044) + Print and Care Guide PDF",made_to_order,download,First name (30) | Second name (30) | Short message (80),4552562901;4555423314;4556472414;4555125749,-
Cancer + Capricorn,dijital_wall_art,4553826440,Midnight Blue,ziyaret (2),0,0,2,"Cancer and Capricorn Personalized Zodiac Couple Wall Art, Names and Message, Digital Files",90,cancer wall art,capricorn zodiac,13,9.99,14.99,5,Midnight Blue; Deep Black; Pure White; Champagne Ivory; Warm Parchment,5,AstroLove_Cancer_Capricorn_Midnight_Blue_ALL_SIZES.zip; AstroLove_Cancer_Capricorn_Deep_Black_ALL_SIZES.zip; AstroLove_Cancer_Capricorn_Pure_White_ALL_SIZES.zip; AstroLove_Cancer_Capricorn_Champagne_Ivory_ALL_SIZES.zip; AstroLove_Cancer_Capricorn_Warm_Parchment_ALL_SIZES.zip,"5 JPG (2:3 7200x10800, 3:4 7200x9600, 4:5 7200x9000, 11:14 6600x8400, A 9934x14044) + Print and Care Guide PDF",made_to_order,download,First name (30) | Second name (30) | Short message (80),4556472588;4552575580;4555412601;4555138950,-
Cancer + Gemini,dijital_wall_art,4553816507,Midnight Blue,esitlik -> Midnight Blue,0,0,0,"Cancer and Gemini Personalized Zodiac Couple Wall Art, Names and Message, Digital Files",87,cancer wall art,gemini zodiac,13,9.99,14.99,5,Midnight Blue; Deep Black; Pure White; Champagne Ivory; Warm Parchment,5,AstroLove_Cancer_Gemini_Midnight_Blue_ALL_SIZES.zip; AstroLove_Cancer_Gemini_Deep_Black_ALL_SIZES.zip; AstroLove_Cancer_Gemini_Pure_White_ALL_SIZES.zip; AstroLove_Cancer_Gemini_Champagne_Ivory_ALL_SIZES.zip; AstroLove_Cancer_Gemini_Warm_Parchment_ALL_SIZES.zip,"5 JPG (2:3 7200x10800, 3:4 7200x9600, 4:5 7200x9000, 11:14 6600x8400, A 9934x14044) + Print and Care Guide PDF",made_to_order,download,First name (30) | Second name (30) | Short message (80),4552563179;4555423780;4556472780;4555126565,-
Cancer + Leo,dijital_wall_art,4553827468,Midnight Blue,ziyaret (2),0,0,2,"Cancer and Leo Personalized Zodiac Couple Wall Art, Names and Message, Digital Files",84,cancer wall art,leo zodiac,13,9.99,14.99,5,Midnight Blue; Deep Black; Pure White; Champagne Ivory; Warm Parchment,5,AstroLove_Cancer_Leo_Midnight_Blue_ALL_SIZES.zip; AstroLove_Cancer_Leo_Deep_Black_ALL_SIZES.zip; AstroLove_Cancer_Leo_Pure_White_ALL_SIZES.zip; AstroLove_Cancer_Leo_Champagne_Ivory_ALL_SIZES.zip; AstroLove_Cancer_Leo_Warm_Parchment_ALL_SIZES.zip,"5 JPG (2:3 7200x10800, 3:4 7200x9600, 4:5 7200x9000, 11:14 6600x8400, A 9934x14044) + Print and Care Guide PDF",made_to_order,download,First name (30) | Second name (30) | Short message (80),4552563305;4555413103;4556458047;4555126893,-
Cancer + Libra,dijital_wall_art,4552118763,Champagne Ivory,ziyaret (29),0,0,29,"Cancer and Libra Personalized Zodiac Couple Wall Art, Names and Message, Digital Files",86,cancer wall art,libra zodiac,13,9.99,14.99,5,Midnight Blue; Deep Black; Pure White; Champagne Ivory; Warm Parchment,5,AstroLove_Cancer_Libra_Midnight_Blue_ALL_SIZES.zip; AstroLove_Cancer_Libra_Deep_Black_ALL_SIZES.zip; AstroLove_Cancer_Libra_Pure_White_ALL_SIZES.zip; AstroLove_Cancer_Libra_Champagne_Ivory_ALL_SIZES.zip; AstroLove_Cancer_Libra_Warm_Parchment_ALL_SIZES.zip,"5 JPG (2:3 7200x10800, 3:4 7200x9600, 4:5 7200x9000, 11:14 6600x8400, A 9934x14044) + Print and Care Guide PDF",made_to_order,download,First name (30) | Second name (30) | Short message (80),4556451473;4555408020;4553828010;4555124326,-
Cancer + Pisces,dijital_wall_art,4552575966,Champagne Ivory,ziyaret (3),0,0,3,"Cancer and Pisces Personalized Zodiac Couple Wall Art, Names and Message, Digital Files",87,cancer wall art,pisces zodiac,13,9.99,14.99,5,Midnight Blue; Deep Black; Pure White; Champagne Ivory; Warm Parchment,5,AstroLove_Cancer_Pisces_Midnight_Blue_ALL_SIZES.zip; AstroLove_Cancer_Pisces_Deep_Black_ALL_SIZES.zip; AstroLove_Cancer_Pisces_Pure_White_ALL_SIZES.zip; AstroLove_Cancer_Pisces_Champagne_Ivory_ALL_SIZES.zip; AstroLove_Cancer_Pisces_Warm_Parchment_ALL_SIZES.zip,"5 JPG (2:3 7200x10800, 3:4 7200x9600, 4:5 7200x9000, 11:14 6600x8400, A 9934x14044) + Print and Care Guide PDF",made_to_order,download,First name (30) | Second name (30) | Short message (80),4553828514;4555140256;4555413357;4556473246,-
Cancer + Sagittarius,dijital_wall_art,4553818687,Midnight Blue,ziyaret (5),0,0,5,"Cancer and Sagittarius Personalized Zodiac Couple Wall Art, Names and Message, Digital Files",92,cancer wall art,sagittarius zodiac,13,9.99,14.99,5,Midnight Blue; Deep Black; Pure White; Champagne Ivory; Warm Parchment,5,AstroLove_Cancer_Sagittarius_Midnight_Blue_ALL_SIZES.zip; AstroLove_Cancer_Sagittarius_Deep_Black_ALL_SIZES.zip; AstroLove_Cancer_Sagittarius_Pure_White_ALL_SIZES.zip; AstroLove_Cancer_Sagittarius_Champagne_Ivory_ALL_SIZES.zip; AstroLove_Cancer_Sagittarius_Warm_Parchment_ALL_SIZES.zip,"5 JPG (2:3 7200x10800, 3:4 7200x9600, 4:5 7200x9000, 11:14 6600x8400, A 9934x14044) + Print and Care Guide PDF",made_to_order,download,First name (30) | Second name (30) | Short message (80),4556458437;4555140590;4552576068;4555424504,-
Cancer + Scorpio,dijital_wall_art,4552576212,Champagne Ivory,ziyaret (6),0,0,6,"Cancer and Scorpio Personalized Zodiac Couple Wall Art, Names and Message, Digital Files",88,cancer wall art,scorpio zodiac,13,9.99,14.99,5,Midnight Blue; Deep Black; Pure White; Champagne Ivory; Warm Parchment,5,AstroLove_Cancer_Scorpio_Midnight_Blue_ALL_SIZES.zip; AstroLove_Cancer_Scorpio_Deep_Black_ALL_SIZES.zip; AstroLove_Cancer_Scorpio_Pure_White_ALL_SIZES.zip; AstroLove_Cancer_Scorpio_Champagne_Ivory_ALL_SIZES.zip; AstroLove_Cancer_Scorpio_Warm_Parchment_ALL_SIZES.zip,"5 JPG (2:3 7200x10800, 3:4 7200x9600, 4:5 7200x9000, 11:14 6600x8400, A 9934x14044) + Print and Care Guide PDF",made_to_order,download,First name (30) | Second name (30) | Short message (80),4555413869;4556458637;4555128193;4553819245,-
Cancer + Taurus,dijital_wall_art,4552563787,Champagne Ivory,ziyaret (3),0,0,3,"Cancer and Taurus Personalized Zodiac Couple Wall Art, Names and Message, Digital Files",87,cancer wall art,taurus zodiac,13,9.99,14.99,5,Midnight Blue; Deep Black; Pure White; Champagne Ivory; Warm Parchment,5,AstroLove_Cancer_Taurus_Midnight_Blue_ALL_SIZES.zip; AstroLove_Cancer_Taurus_Deep_Black_ALL_SIZES.zip; AstroLove_Cancer_Taurus_Pure_White_ALL_SIZES.zip; AstroLove_Cancer_Taurus_Champagne_Ivory_ALL_SIZES.zip; AstroLove_Cancer_Taurus_Warm_Parchment_ALL_SIZES.zip,"5 JPG (2:3 7200x10800, 3:4 7200x9600, 4:5 7200x9000, 11:14 6600x8400, A 9934x14044) + Print and Care Guide PDF",made_to_order,download,First name (30) | Second name (30) | Short message (80),4553830080;4555425020;4556473810;4555141256,-
Cancer + Virgo,dijital_wall_art,4555141556,Warm Parchment,favori (1),0,1,6,"Cancer and Virgo Personalized Zodiac Couple Wall Art, Names and Message, Digital Files",86,cancer wall art,virgo zodiac,13,9.99,14.99,5,Midnight Blue; Deep Black; Pure White; Champagne Ivory; Warm Parchment,5,AstroLove_Cancer_Virgo_Midnight_Blue_ALL_SIZES.zip; AstroLove_Cancer_Virgo_Deep_Black_ALL_SIZES.zip; AstroLove_Cancer_Virgo_Pure_White_ALL_SIZES.zip; AstroLove_Cancer_Virgo_Champagne_Ivory_ALL_SIZES.zip; AstroLove_Cancer_Virgo_Warm_Parchment_ALL_SIZES.zip,"5 JPG (2:3 7200x10800, 3:4 7200x9600, 4:5 7200x9000, 11:14 6600x8400, A 9934x14044) + Print and Care Guide PDF",made_to_order,download,First name (30) | Second name (30) | Short message (80),4552576460;4556473980;4553820361;4555414293,-
Capricorn + Capricorn,dijital_wall_art,4556474184,Pure White,ziyaret (1),0,0,1,"Capricorn and Capricorn Personalized Zodiac Couple Wall Art, Names and Message, Digital Files",93,capricorn wall art,capricorn zodiac,13,9.99,14.99,5,Midnight Blue; Deep Black; Pure White; Champagne Ivory; Warm Parchment,5,AstroLove_Capricorn_Capricorn_Midnight_Blue_ALL_SIZES.zip; AstroLove_Capricorn_Capricorn_Deep_Black_ALL_SIZES.zip; AstroLove_Capricorn_Capricorn_Pure_White_ALL_SIZES.zip; AstroLove_Capricorn_Capricorn_Champagne_Ivory_ALL_SIZES.zip; AstroLove_Capricorn_Capricorn_Warm_Parchment_ALL_SIZES.zip,"5 JPG (2:3 7200x10800, 3:4 7200x9600, 4:5 7200x9000, 11:14 6600x8400, A 9934x14044) + Print and Care Guide PDF",made_to_order,download,First name (30) | Second name (30) | Short message (80),4553831188;4552564069;4555425496;4555141920,-
Capricorn + Gemini,dijital_wall_art,4553821493,Midnight Blue,esitlik -> Midnight Blue,0,0,0,"Capricorn and Gemini Personalized Zodiac Couple Wall Art, Names and Message, Digital Files",90,capricorn wall art,gemini zodiac,13,9.99,14.99,5,Midnight Blue; Deep Black; Pure White; Champagne Ivory; Warm Parchment,5,AstroLove_Capricorn_Gemini_Midnight_Blue_ALL_SIZES.zip; AstroLove_Capricorn_Gemini_Deep_Black_ALL_SIZES.zip; AstroLove_Capricorn_Gemini_Pure_White_ALL_SIZES.zip; AstroLove_Capricorn_Gemini_Champagne_Ivory_ALL_SIZES.zip; AstroLove_Capricorn_Gemini_Warm_Parchment_ALL_SIZES.zip,"5 JPG (2:3 7200x10800, 3:4 7200x9600, 4:5 7200x9000, 11:14 6600x8400, A 9934x14044) + Print and Care Guide PDF",made_to_order,download,First name (30) | Second name (30) | Short message (80),4552579540;4555425754;4556459371;4555142502,-
Capricorn + Leo,dijital_wall_art,4553822053,Midnight Blue,ziyaret (1),0,0,1,"Capricorn and Leo Personalized Zodiac Couple Wall Art, Names and Message, Digital Files",87,capricorn wall art,leo zodiac,13,9.99,14.99,5,Midnight Blue; Deep Black; Pure White; Champagne Ivory; Warm Parchment,5,AstroLove_Capricorn_Leo_Midnight_Blue_ALL_SIZES.zip; AstroLove_Capricorn_Leo_Deep_Black_ALL_SIZES.zip; AstroLove_Capricorn_Leo_Pure_White_ALL_SIZES.zip; AstroLove_Capricorn_Leo_Champagne_Ivory_ALL_SIZES.zip; AstroLove_Capricorn_Leo_Warm_Parchment_ALL_SIZES.zip,"5 JPG (2:3 7200x10800, 3:4 7200x9600, 4:5 7200x9000, 11:14 6600x8400, A 9934x14044) + Print and Care Guide PDF",made_to_order,download,First name (30) | Second name (30) | Short message (80),4552579688;4555415041;4556474530;4555143126,-
Capricorn + Libra,dijital_wall_art,4553832904,Midnight Blue,siparis (1),1,0,5,"Capricorn and Libra Personalized Zodiac Couple Wall Art, Names and Message, Digital Files",89,capricorn wall art,libra zodiac,13,9.99,14.99,5,Midnight Blue; Deep Black; Pure White; Champagne Ivory; Warm Parchment,5,AstroLove_Capricorn_Libra_Midnight_Blue_ALL_SIZES.zip; AstroLove_Capricorn_Libra_Deep_Black_ALL_SIZES.zip; AstroLove_Capricorn_Libra_Pure_White_ALL_SIZES.zip; AstroLove_Capricorn_Libra_Champagne_Ivory_ALL_SIZES.zip; AstroLove_Capricorn_Libra_Warm_Parchment_ALL_SIZES.zip,"5 JPG (2:3 7200x10800, 3:4 7200x9600, 4:5 7200x9000, 11:14 6600x8400, A 9934x14044) + Print and Care Guide PDF",made_to_order,download,First name (30) | Second name (30) | Short message (80),4555143408;4552579828;4555426266;4556474668,-
Capricorn + Pisces,dijital_wall_art,4553833422,Midnight Blue,esitlik -> Midnight Blue,0,0,0,"Capricorn and Pisces Personalized Zodiac Couple Wall Art, Names and Message, Digital Files",90,capricorn wall art,pisces zodiac,13,9.99,14.99,5,Midnight Blue; Deep Black; Pure White; Champagne Ivory; Warm Parchment,5,AstroLove_Capricorn_Pisces_Midnight_Blue_ALL_SIZES.zip; AstroLove_Capricorn_Pisces_Deep_Black_ALL_SIZES.zip; AstroLove_Capricorn_Pisces_Pure_White_ALL_SIZES.zip; AstroLove_Capricorn_Pisces_Champagne_Ivory_ALL_SIZES.zip; AstroLove_Capricorn_Pisces_Warm_Parchment_ALL_SIZES.zip,"5 JPG (2:3 7200x10800, 3:4 7200x9600, 4:5 7200x9000, 11:14 6600x8400, A 9934x14044) + Print and Care Guide PDF",made_to_order,download,First name (30) | Second name (30) | Short message (80),4552579972;4555426522;4556474844;4555130961,-
Capricorn + Sagittarius,dijital_wall_art,4552567953,Champagne Ivory,ziyaret (1),0,0,1,"Capricorn and Sagittarius Personalized Zodiac Couple Wall Art, Names and Message, Digital Files",95,capricorn wall art,sagittarius zodiac,13,9.99,14.99,5,Midnight Blue; Deep Black; Pure White; Champagne Ivory; Warm Parchment,5,AstroLove_Capricorn_Sagittarius_Midnight_Blue_ALL_SIZES.zip; AstroLove_Capricorn_Sagittarius_Deep_Black_ALL_SIZES.zip; AstroLove_Capricorn_Sagittarius_Pure_White_ALL_SIZES.zip; AstroLove_Capricorn_Sagittarius_Champagne_Ivory_ALL_SIZES.zip; AstroLove_Capricorn_Sagittarius_Warm_Parchment_ALL_SIZES.zip,"5 JPG (2:3 7200x10800, 3:4 7200x9600, 4:5 7200x9000, 11:14 6600x8400, A 9934x14044) + Print and Care Guide PDF",made_to_order,download,First name (30) | Second name (30) | Short message (80),4556475034;4553823723;4555426808;4555131687,-
Capricorn + Scorpio,dijital_wall_art,4553834534,Midnight Blue,ziyaret (1),0,0,1,"Capricorn and Scorpio Personalized Zodiac Couple Wall Art, Names and Message, Digital Files",91,capricorn wall art,scorpio zodiac,13,9.99,14.99,5,Midnight Blue; Deep Black; Pure White; Champagne Ivory; Warm Parchment,5,AstroLove_Capricorn_Scorpio_Midnight_Blue_ALL_SIZES.zip; AstroLove_Capricorn_Scorpio_Deep_Black_ALL_SIZES.zip; AstroLove_Capricorn_Scorpio_Pure_White_ALL_SIZES.zip; AstroLove_Capricorn_Scorpio_Champagne_Ivory_ALL_SIZES.zip; AstroLove_Capricorn_Scorpio_Warm_Parchment_ALL_SIZES.zip,"5 JPG (2:3 7200x10800, 3:4 7200x9600, 4:5 7200x9000, 11:14 6600x8400, A 9934x14044) + Print and Care Guide PDF",made_to_order,download,First name (30) | Second name (30) | Short message (80),4552568109;4555416129;4556460319;4555144830,-
Capricorn + Taurus,dijital_wall_art,4553824803,Midnight Blue,ziyaret (4),0,0,4,"Capricorn and Taurus Personalized Zodiac Couple Wall Art, Names and Message, Digital Files",90,capricorn wall art,taurus zodiac,13,9.99,14.99,5,Midnight Blue; Deep Black; Pure White; Champagne Ivory; Warm Parchment,5,AstroLove_Capricorn_Taurus_Midnight_Blue_ALL_SIZES.zip; AstroLove_Capricorn_Taurus_Deep_Black_ALL_SIZES.zip; AstroLove_Capricorn_Taurus_Pure_White_ALL_SIZES.zip; AstroLove_Capricorn_Taurus_Champagne_Ivory_ALL_SIZES.zip; AstroLove_Capricorn_Taurus_Warm_Parchment_ALL_SIZES.zip,"5 JPG (2:3 7200x10800, 3:4 7200x9600, 4:5 7200x9000, 11:14 6600x8400, A 9934x14044) + Print and Care Guide PDF",made_to_order,download,First name (30) | Second name (30) | Short message (80),4555427302;4555132467;4552568249;4556475380,-
Capricorn + Virgo,dijital_wall_art,4553825327,Midnight Blue,esitlik -> Midnight Blue,0,0,0,"Capricorn and Virgo Personalized Zodiac Couple Wall Art, Names and Message, Digital Files",89,capricorn wall art,virgo zodiac,13,9.99,14.99,5,Midnight Blue; Deep Black; Pure White; Champagne Ivory; Warm Parchment,5,AstroLove_Capricorn_Virgo_Midnight_Blue_ALL_SIZES.zip; AstroLove_Capricorn_Virgo_Deep_Black_ALL_SIZES.zip; AstroLove_Capricorn_Virgo_Pure_White_ALL_SIZES.zip; AstroLove_Capricorn_Virgo_Champagne_Ivory_ALL_SIZES.zip; AstroLove_Capricorn_Virgo_Warm_Parchment_ALL_SIZES.zip,"5 JPG (2:3 7200x10800, 3:4 7200x9600, 4:5 7200x9000, 11:14 6600x8400, A 9934x14044) + Print and Care Guide PDF",made_to_order,download,First name (30) | Second name (30) | Short message (80),4552568379;4555416607;4556460709;4555132755,-
Gemini + Gemini,dijital_wall_art,4553836190,Midnight Blue,ziyaret (5),0,0,5,"Gemini and Gemini Personalized Zodiac Couple Wall Art, Names and Message, Digital Files",87,gemini wall art,gemini zodiac,13,9.99,14.99,5,Midnight Blue; Deep Black; Pure White; Champagne Ivory; Warm Parchment,5,AstroLove_Gemini_Gemini_Midnight_Blue_ALL_SIZES.zip; AstroLove_Gemini_Gemini_Deep_Black_ALL_SIZES.zip; AstroLove_Gemini_Gemini_Pure_White_ALL_SIZES.zip; AstroLove_Gemini_Gemini_Champagne_Ivory_ALL_SIZES.zip; AstroLove_Gemini_Gemini_Warm_Parchment_ALL_SIZES.zip,"5 JPG (2:3 7200x10800, 3:4 7200x9600, 4:5 7200x9000, 11:14 6600x8400, A 9934x14044) + Print and Care Guide PDF",made_to_order,download,First name (30) | Second name (30) | Short message (80),4552568521;4556460881;4555145806;4555416851,-
Gemini + Leo,dijital_wall_art,4552568677,Champagne Ivory,ziyaret (5),0,0,5,"Gemini and Leo Personalized Zodiac Couple Wall Art, Names and Message, Digital Files",84,gemini wall art,leo zodiac,13,9.99,14.99,5,Midnight Blue; Deep Black; Pure White; Champagne Ivory; Warm Parchment,5,AstroLove_Gemini_Leo_Midnight_Blue_ALL_SIZES.zip; AstroLove_Gemini_Leo_Deep_Black_ALL_SIZES.zip; AstroLove_Gemini_Leo_Pure_White_ALL_SIZES.zip; AstroLove_Gemini_Leo_Champagne_Ivory_ALL_SIZES.zip; AstroLove_Gemini_Leo_Warm_Parchment_ALL_SIZES.zip,"5 JPG (2:3 7200x10800, 3:4 7200x9600, 4:5 7200x9000, 11:14 6600x8400, A 9934x14044) + Print and Care Guide PDF",made_to_order,download,First name (30) | Second name (30) | Short message (80),4553836780;4555417105;4556461065;4555146464,-
Gemini + Libra,dijital_wall_art,4553837378,Midnight Blue,ziyaret (2),0,0,2,"Gemini and Libra Personalized Zodiac Couple Wall Art, Names and Message, Digital Files",86,gemini wall art,libra zodiac,13,9.99,14.99,5,Midnight Blue; Deep Black; Pure White; Champagne Ivory; Warm Parchment,5,AstroLove_Gemini_Libra_Midnight_Blue_ALL_SIZES.zip; AstroLove_Gemini_Libra_Deep_Black_ALL_SIZES.zip; AstroLove_Gemini_Libra_Pure_White_ALL_SIZES.zip; AstroLove_Gemini_Libra_Champagne_Ivory_ALL_SIZES.zip; AstroLove_Gemini_Libra_Warm_Parchment_ALL_SIZES.zip,"5 JPG (2:3 7200x10800, 3:4 7200x9600, 4:5 7200x9000, 11:14 6600x8400, A 9934x14044) + Print and Care Guide PDF",made_to_order,download,First name (30) | Second name (30) | Short message (80),4552568817;4555417297;4556461249;4555134033,-
Gemini + Pisces,dijital_wall_art,4555417539,Deep Black,ziyaret (2),0,0,2,"Gemini and Pisces Personalized Zodiac Couple Wall Art, Names and Message, Digital Files",87,gemini wall art,pisces zodiac,13,9.99,14.99,5,Midnight Blue; Deep Black; Pure White; Champagne Ivory; Warm Parchment,5,AstroLove_Gemini_Pisces_Midnight_Blue_ALL_SIZES.zip; AstroLove_Gemini_Pisces_Deep_Black_ALL_SIZES.zip; AstroLove_Gemini_Pisces_Pure_White_ALL_SIZES.zip; AstroLove_Gemini_Pisces_Champagne_Ivory_ALL_SIZES.zip; AstroLove_Gemini_Pisces_Warm_Parchment_ALL_SIZES.zip,"5 JPG (2:3 7200x10800, 3:4 7200x9600, 4:5 7200x9000, 11:14 6600x8400, A 9934x14044) + Print and Care Guide PDF",made_to_order,download,First name (30) | Second name (30) | Short message (80),4556476348;4553827623;4552568971;4555147126,-
Gemini + Sagittarius,dijital_wall_art,4553828191,Midnight Blue,ziyaret (2),0,0,2,"Gemini and Sagittarius Personalized Zodiac Couple Wall Art, Names and Message, Digital Files",92,gemini wall art,sagittarius zodiac,13,9.99,14.99,5,Midnight Blue; Deep Black; Pure White; Champagne Ivory; Warm Parchment,5,AstroLove_Gemini_Sagittarius_Midnight_Blue_ALL_SIZES.zip; AstroLove_Gemini_Sagittarius_Deep_Black_ALL_SIZES.zip; AstroLove_Gemini_Sagittarius_Pure_White_ALL_SIZES.zip; AstroLove_Gemini_Sagittarius_Champagne_Ivory_ALL_SIZES.zip; AstroLove_Gemini_Sagittarius_Warm_Parchment_ALL_SIZES.zip,"5 JPG (2:3 7200x10800, 3:4 7200x9600, 4:5 7200x9000, 11:14 6600x8400, A 9934x14044) + Print and Care Guide PDF",made_to_order,download,First name (30) | Second name (30) | Short message (80),4555428858;4556476510;4552581320;4555147628,-
Gemini + Scorpio,dijital_wall_art,4553828681,Midnight Blue,esitlik -> Midnight Blue,0,0,0,"Gemini and Scorpio Personalized Zodiac Couple Wall Art, Names and Message, Digital Files",88,gemini wall art,scorpio zodiac,13,9.99,14.99,5,Midnight Blue; Deep Black; Pure White; Champagne Ivory; Warm Parchment,5,AstroLove_Gemini_Scorpio_Midnight_Blue_ALL_SIZES.zip; AstroLove_Gemini_Scorpio_Deep_Black_ALL_SIZES.zip; AstroLove_Gemini_Scorpio_Pure_White_ALL_SIZES.zip; AstroLove_Gemini_Scorpio_Champagne_Ivory_ALL_SIZES.zip; AstroLove_Gemini_Scorpio_Warm_Parchment_ALL_SIZES.zip,"5 JPG (2:3 7200x10800, 3:4 7200x9600, 4:5 7200x9000, 11:14 6600x8400, A 9934x14044) + Print and Care Guide PDF",made_to_order,download,First name (30) | Second name (30) | Short message (80),4552569263;4555429098;4556461875;4555147950,-
Gemini + Taurus,dijital_wall_art,4553829173,Midnight Blue,esitlik -> Midnight Blue,0,0,0,"Gemini and Taurus Personalized Zodiac Couple Wall Art, Names and Message, Digital Files",87,gemini wall art,taurus zodiac,13,9.99,14.99,5,Midnight Blue; Deep Black; Pure White; Champagne Ivory; Warm Parchment,5,AstroLove_Gemini_Taurus_Midnight_Blue_ALL_SIZES.zip; AstroLove_Gemini_Taurus_Deep_Black_ALL_SIZES.zip; AstroLove_Gemini_Taurus_Pure_White_ALL_SIZES.zip; AstroLove_Gemini_Taurus_Champagne_Ivory_ALL_SIZES.zip; AstroLove_Gemini_Taurus_Warm_Parchment_ALL_SIZES.zip,"5 JPG (2:3 7200x10800, 3:4 7200x9600, 4:5 7200x9000, 11:14 6600x8400, A 9934x14044) + Print and Care Guide PDF",made_to_order,download,First name (30) | Second name (30) | Short message (80),4552581618;4555429352;4556476916;4555135645,-
Gemini + Virgo,dijital_wall_art,4556462253,Pure White,ziyaret (1),0,0,1,"Gemini and Virgo Personalized Zodiac Couple Wall Art, Names and Message, Digital Files",86,gemini wall art,virgo zodiac,13,9.99,14.99,5,Midnight Blue; Deep Black; Pure White; Champagne Ivory; Warm Parchment,5,AstroLove_Gemini_Virgo_Midnight_Blue_ALL_SIZES.zip; AstroLove_Gemini_Virgo_Deep_Black_ALL_SIZES.zip; AstroLove_Gemini_Virgo_Pure_White_ALL_SIZES.zip; AstroLove_Gemini_Virgo_Champagne_Ivory_ALL_SIZES.zip; AstroLove_Gemini_Virgo_Warm_Parchment_ALL_SIZES.zip,"5 JPG (2:3 7200x10800, 3:4 7200x9600, 4:5 7200x9000, 11:14 6600x8400, A 9934x14044) + Print and Care Guide PDF",made_to_order,download,First name (30) | Second name (30) | Short message (80),4553840112;4552581750;4555429588;4555136409,-
Leo + Leo,dijital_wall_art,4553830263,Midnight Blue,esitlik -> Midnight Blue,0,0,0,"Leo and Leo Personalized Zodiac Couple Wall Art, Names and Message, Digital Files",81,leo wall art,leo zodiac,13,9.99,14.99,5,Midnight Blue; Deep Black; Pure White; Champagne Ivory; Warm Parchment,5,AstroLove_Leo_Leo_Midnight_Blue_ALL_SIZES.zip; AstroLove_Leo_Leo_Deep_Black_ALL_SIZES.zip; AstroLove_Leo_Leo_Pure_White_ALL_SIZES.zip; AstroLove_Leo_Leo_Champagne_Ivory_ALL_SIZES.zip; AstroLove_Leo_Leo_Warm_Parchment_ALL_SIZES.zip,"5 JPG (2:3 7200x10800, 3:4 7200x9600, 4:5 7200x9000, 11:14 6600x8400, A 9934x14044) + Print and Care Guide PDF",made_to_order,download,First name (30) | Second name (30) | Short message (80),4552569701;4555418727;4556462485;4555136701,-
Leo + Libra,dijital_wall_art,4552582036,Champagne Ivory,ziyaret (2),0,0,2,"Leo and Libra Personalized Zodiac Couple Wall Art, Names and Message, Digital Files",83,leo wall art,libra zodiac,13,9.99,14.99,5,Midnight Blue; Deep Black; Pure White; Champagne Ivory; Warm Parchment,5,AstroLove_Leo_Libra_Midnight_Blue_ALL_SIZES.zip; AstroLove_Leo_Libra_Deep_Black_ALL_SIZES.zip; AstroLove_Leo_Libra_Pure_White_ALL_SIZES.zip; AstroLove_Leo_Libra_Champagne_Ivory_ALL_SIZES.zip; AstroLove_Leo_Libra_Warm_Parchment_ALL_SIZES.zip,"5 JPG (2:3 7200x10800, 3:4 7200x9600, 4:5 7200x9000, 11:14 6600x8400, A 9934x14044) + Print and Care Guide PDF",made_to_order,download,First name (30) | Second name (30) | Short message (80),4553830815;4555419047;4556477550;4555149746,-
Leo + Pisces,dijital_wall_art,4552582170,Champagne Ivory,siparis (2),2,1,22,"Leo and Pisces Personalized Zodiac Couple Wall Art, Names and Message, Digital Files",84,leo wall art,pisces zodiac,13,9.99,14.99,5,Midnight Blue; Deep Black; Pure White; Champagne Ivory; Warm Parchment,5,AstroLove_Leo_Pisces_Midnight_Blue_ALL_SIZES.zip; AstroLove_Leo_Pisces_Deep_Black_ALL_SIZES.zip; AstroLove_Leo_Pisces_Pure_White_ALL_SIZES.zip; AstroLove_Leo_Pisces_Champagne_Ivory_ALL_SIZES.zip; AstroLove_Leo_Pisces_Warm_Parchment_ALL_SIZES.zip,"5 JPG (2:3 7200x10800, 3:4 7200x9600, 4:5 7200x9000, 11:14 6600x8400, A 9934x14044) + Print and Care Guide PDF",made_to_order,download,First name (30) | Second name (30) | Short message (80),4555419307;4556477768;4553831395;4555150010,-
Leo + Sagittarius,dijital_wall_art,4553831933,Midnight Blue,ziyaret (3),0,0,3,"Leo and Sagittarius Personalized Zodiac Couple Wall Art, Names and Message, Digital Files",89,leo wall art,sagittarius zodiac,13,9.99,14.99,5,Midnight Blue; Deep Black; Pure White; Champagne Ivory; Warm Parchment,5,AstroLove_Leo_Sagittarius_Midnight_Blue_ALL_SIZES.zip; AstroLove_Leo_Sagittarius_Deep_Black_ALL_SIZES.zip; AstroLove_Leo_Sagittarius_Pure_White_ALL_SIZES.zip; AstroLove_Leo_Sagittarius_Champagne_Ivory_ALL_SIZES.zip; AstroLove_Leo_Sagittarius_Warm_Parchment_ALL_SIZES.zip,"5 JPG (2:3 7200x10800, 3:4 7200x9600, 4:5 7200x9000, 11:14 6600x8400, A 9934x14044) + Print and Care Guide PDF",made_to_order,download,First name (30) | Second name (30) | Short message (80),4555419585;4552582310;4556463125;4555137885,-
Leo + Scorpio,dijital_wall_art,4553842936,Midnight Blue,ziyaret (4),0,0,4,"Leo and Scorpio Personalized Zodiac Couple Wall Art, Names and Message, Digital Files",85,leo wall art,scorpio zodiac,13,9.99,14.99,5,Midnight Blue; Deep Black; Pure White; Champagne Ivory; Warm Parchment,5,AstroLove_Leo_Scorpio_Midnight_Blue_ALL_SIZES.zip; AstroLove_Leo_Scorpio_Deep_Black_ALL_SIZES.zip; AstroLove_Leo_Scorpio_Pure_White_ALL_SIZES.zip; AstroLove_Leo_Scorpio_Champagne_Ivory_ALL_SIZES.zip; AstroLove_Leo_Scorpio_Warm_Parchment_ALL_SIZES.zip,"5 JPG (2:3 7200x10800, 3:4 7200x9600, 4:5 7200x9000, 11:14 6600x8400, A 9934x14044) + Print and Care Guide PDF",made_to_order,download,First name (30) | Second name (30) | Short message (80),4555150734;4552570267;4555419809;4556463303,-
Leo + Taurus,dijital_wall_art,4555151192,Warm Parchment,ziyaret (7),0,0,7,"Leo and Taurus Personalized Zodiac Couple Wall Art, Names and Message, Digital Files",84,leo wall art,taurus zodiac,13,9.99,14.99,5,Midnight Blue; Deep Black; Pure White; Champagne Ivory; Warm Parchment,5,AstroLove_Leo_Taurus_Midnight_Blue_ALL_SIZES.zip; AstroLove_Leo_Taurus_Deep_Black_ALL_SIZES.zip; AstroLove_Leo_Taurus_Pure_White_ALL_SIZES.zip; AstroLove_Leo_Taurus_Champagne_Ivory_ALL_SIZES.zip; AstroLove_Leo_Taurus_Warm_Parchment_ALL_SIZES.zip,"5 JPG (2:3 7200x10800, 3:4 7200x9600, 4:5 7200x9000, 11:14 6600x8400, A 9934x14044) + Print and Care Guide PDF",made_to_order,download,First name (30) | Second name (30) | Short message (80),4553833213;4552570419;4555420049;4556478396,-
Leo + Virgo,dijital_wall_art,4552582774,Champagne Ivory,ziyaret (2),0,0,2,"Leo and Virgo Personalized Zodiac Couple Wall Art, Names and Message, Digital Files",83,leo wall art,virgo zodiac,13,9.99,14.99,5,Midnight Blue; Deep Black; Pure White; Champagne Ivory; Warm Parchment,5,AstroLove_Leo_Virgo_Midnight_Blue_ALL_SIZES.zip; AstroLove_Leo_Virgo_Deep_Black_ALL_SIZES.zip; AstroLove_Leo_Virgo_Pure_White_ALL_SIZES.zip; AstroLove_Leo_Virgo_Champagne_Ivory_ALL_SIZES.zip; AstroLove_Leo_Virgo_Warm_Parchment_ALL_SIZES.zip,"5 JPG (2:3 7200x10800, 3:4 7200x9600, 4:5 7200x9000, 11:14 6600x8400, A 9934x14044) + Print and Care Guide PDF",made_to_order,download,First name (30) | Second name (30) | Short message (80),4553844106;4555420291;4556463731;4555151570,-
Libra + Libra,dijital_wall_art,4552582946,Champagne Ivory,ziyaret (1),0,0,1,"Libra and Libra Personalized Zodiac Couple Wall Art, Names and Message, Digital Files",85,libra wall art,libra zodiac,13,9.99,14.99,5,Midnight Blue; Deep Black; Pure White; Champagne Ivory; Warm Parchment,5,AstroLove_Libra_Libra_Midnight_Blue_ALL_SIZES.zip; AstroLove_Libra_Libra_Deep_Black_ALL_SIZES.zip; AstroLove_Libra_Libra_Pure_White_ALL_SIZES.zip; AstroLove_Libra_Libra_Champagne_Ivory_ALL_SIZES.zip; AstroLove_Libra_Libra_Warm_Parchment_ALL_SIZES.zip,"5 JPG (2:3 7200x10800, 3:4 7200x9600, 4:5 7200x9000, 11:14 6600x8400, A 9934x14044) + Print and Care Guide PDF",made_to_order,download,First name (30) | Second name (30) | Short message (80),4553834503;4555431498;4556478820;4555139417,-
Libra + Pisces,dijital_wall_art,4552570873,Champagne Ivory,ziyaret (2),0,0,2,"Libra and Pisces Personalized Zodiac Couple Wall Art, Names and Message, Digital Files",86,libra wall art,pisces zodiac,13,9.99,14.99,5,Midnight Blue; Deep Black; Pure White; Champagne Ivory; Warm Parchment,5,AstroLove_Libra_Pisces_Midnight_Blue_ALL_SIZES.zip; AstroLove_Libra_Pisces_Deep_Black_ALL_SIZES.zip; AstroLove_Libra_Pisces_Pure_White_ALL_SIZES.zip; AstroLove_Libra_Pisces_Champagne_Ivory_ALL_SIZES.zip; AstroLove_Libra_Pisces_Warm_Parchment_ALL_SIZES.zip,"5 JPG (2:3 7200x10800, 3:4 7200x9600, 4:5 7200x9000, 11:14 6600x8400, A 9934x14044) + Print and Care Guide PDF",made_to_order,download,First name (30) | Second name (30) | Short message (80),4553835095;4555431748;4556464159;4555152250,-
Libra + Sagittarius,dijital_wall_art,4556479218,Pure White,ziyaret (1),0,0,1,"Libra and Sagittarius Personalized Zodiac Couple Wall Art, Names and Message, Digital Files",91,libra wall art,sagittarius zodiac,13,9.99,14.99,5,Midnight Blue; Deep Black; Pure White; Champagne Ivory; Warm Parchment,5,AstroLove_Libra_Sagittarius_Midnight_Blue_ALL_SIZES.zip; AstroLove_Libra_Sagittarius_Deep_Black_ALL_SIZES.zip; AstroLove_Libra_Sagittarius_Pure_White_ALL_SIZES.zip; AstroLove_Libra_Sagittarius_Champagne_Ivory_ALL_SIZES.zip; AstroLove_Libra_Sagittarius_Warm_Parchment_ALL_SIZES.zip,"5 JPG (2:3 7200x10800, 3:4 7200x9600, 4:5 7200x9000, 11:14 6600x8400, A 9934x14044) + Print and Care Guide PDF",made_to_order,download,First name (30) | Second name (30) | Short message (80),4553835695;4552571011;4555431974;4555140129,-
Libra + Scorpio,dijital_wall_art,4555140437,Warm Parchment,ziyaret (2),0,0,2,"Libra and Scorpio Personalized Zodiac Couple Wall Art, Names and Message, Digital Files",87,libra wall art,scorpio zodiac,13,9.99,14.99,5,Midnight Blue; Deep Black; Pure White; Champagne Ivory; Warm Parchment,5,AstroLove_Libra_Scorpio_Midnight_Blue_ALL_SIZES.zip; AstroLove_Libra_Scorpio_Deep_Black_ALL_SIZES.zip; AstroLove_Libra_Scorpio_Pure_White_ALL_SIZES.zip; AstroLove_Libra_Scorpio_Champagne_Ivory_ALL_SIZES.zip; AstroLove_Libra_Scorpio_Warm_Parchment_ALL_SIZES.zip,"5 JPG (2:3 7200x10800, 3:4 7200x9600, 4:5 7200x9000, 11:14 6600x8400, A 9934x14044) + Print and Care Guide PDF",made_to_order,download,First name (30) | Second name (30) | Short message (80),4553846742;4552571151;4555421249;4556479416,-
Libra + Taurus,dijital_wall_art,4553837063,Midnight Blue,ziyaret (1),0,0,1,"Libra and Taurus Personalized Zodiac Couple Wall Art, Names and Message, Digital Files",86,libra wall art,taurus zodiac,13,9.99,14.99,5,Midnight Blue; Deep Black; Pure White; Champagne Ivory; Warm Parchment,5,AstroLove_Libra_Taurus_Midnight_Blue_ALL_SIZES.zip; AstroLove_Libra_Taurus_Deep_Black_ALL_SIZES.zip; AstroLove_Libra_Taurus_Pure_White_ALL_SIZES.zip; AstroLove_Libra_Taurus_Champagne_Ivory_ALL_SIZES.zip; AstroLove_Libra_Taurus_Warm_Parchment_ALL_SIZES.zip,"5 JPG (2:3 7200x10800, 3:4 7200x9600, 4:5 7200x9000, 11:14 6600x8400, A 9934x14044) + Print and Care Guide PDF",made_to_order,download,First name (30) | Second name (30) | Short message (80),4556479636;4552571315;4555432386;4555153348,-
Libra + Virgo,dijital_wall_art,4553837675,Midnight Blue,esitlik -> Midnight Blue,0,0,0,"Libra and Virgo Personalized Zodiac Couple Wall Art, Names and Message, Digital Files",85,libra wall art,virgo zodiac,13,9.99,14.99,5,Midnight Blue; Deep Black; Pure White; Champagne Ivory; Warm Parchment,5,AstroLove_Libra_Virgo_Midnight_Blue_ALL_SIZES.zip; AstroLove_Libra_Virgo_Deep_Black_ALL_SIZES.zip; AstroLove_Libra_Virgo_Pure_White_ALL_SIZES.zip; AstroLove_Libra_Virgo_Champagne_Ivory_ALL_SIZES.zip; AstroLove_Libra_Virgo_Warm_Parchment_ALL_SIZES.zip,"5 JPG (2:3 7200x10800, 3:4 7200x9600, 4:5 7200x9000, 11:14 6600x8400, A 9934x14044) + Print and Care Guide PDF",made_to_order,download,First name (30) | Second name (30) | Short message (80),4552571461;4555421681;4556479886;4555153644,-
Pisces + Pisces,dijital_wall_art,4553838321,Midnight Blue,ziyaret (4),0,0,4,"Pisces and Pisces Personalized Zodiac Couple Wall Art, Names and Message, Digital Files",87,pisces wall art,pisces zodiac,13,9.99,14.99,5,Midnight Blue; Deep Black; Pure White; Champagne Ivory; Warm Parchment,5,AstroLove_Pisces_Pisces_Midnight_Blue_ALL_SIZES.zip; AstroLove_Pisces_Pisces_Deep_Black_ALL_SIZES.zip; AstroLove_Pisces_Pisces_Pure_White_ALL_SIZES.zip; AstroLove_Pisces_Pisces_Champagne_Ivory_ALL_SIZES.zip; AstroLove_Pisces_Pisces_Warm_Parchment_ALL_SIZES.zip,"5 JPG (2:3 7200x10800, 3:4 7200x9600, 4:5 7200x9000, 11:14 6600x8400, A 9934x14044) + Print and Care Guide PDF",made_to_order,download,First name (30) | Second name (30) | Short message (80),4552583764;4555421925;4556465275;4555141359,-
Pisces + Sagittarius,dijital_wall_art,4552583910,Champagne Ivory,ziyaret (2),0,0,2,"Pisces and Sagittarius Personalized Zodiac Couple Wall Art, Names and Message, Digital Files",92,pisces wall art,sagittarius zodiac,13,9.99,14.99,5,Midnight Blue; Deep Black; Pure White; Champagne Ivory; Warm Parchment,5,AstroLove_Pisces_Sagittarius_Midnight_Blue_ALL_SIZES.zip; AstroLove_Pisces_Sagittarius_Deep_Black_ALL_SIZES.zip; AstroLove_Pisces_Sagittarius_Pure_White_ALL_SIZES.zip; AstroLove_Pisces_Sagittarius_Champagne_Ivory_ALL_SIZES.zip; AstroLove_Pisces_Sagittarius_Warm_Parchment_ALL_SIZES.zip,"5 JPG (2:3 7200x10800, 3:4 7200x9600, 4:5 7200x9000, 11:14 6600x8400, A 9934x14044) + Print and Care Guide PDF",made_to_order,download,First name (30) | Second name (30) | Short message (80),4553849238;4555433090;4556465487;4555154356,-
Pisces + Scorpio,dijital_wall_art,4552584078,Champagne Ivory,ziyaret (6),0,0,6,"Pisces and Scorpio Personalized Zodiac Couple Wall Art, Names and Message, Digital Files",88,pisces wall art,scorpio zodiac,13,9.99,14.99,5,Midnight Blue; Deep Black; Pure White; Champagne Ivory; Warm Parchment,5,AstroLove_Pisces_Scorpio_Midnight_Blue_ALL_SIZES.zip; AstroLove_Pisces_Scorpio_Deep_Black_ALL_SIZES.zip; AstroLove_Pisces_Scorpio_Pure_White_ALL_SIZES.zip; AstroLove_Pisces_Scorpio_Champagne_Ivory_ALL_SIZES.zip; AstroLove_Pisces_Scorpio_Warm_Parchment_ALL_SIZES.zip,"5 JPG (2:3 7200x10800, 3:4 7200x9600, 4:5 7200x9000, 11:14 6600x8400, A 9934x14044) + Print and Care Guide PDF",made_to_order,download,First name (30) | Second name (30) | Short message (80),4555154678;4553839543;4555433362;4556465701,-
Pisces + Taurus,dijital_wall_art,4552572057,Champagne Ivory,ziyaret (6),0,0,6,"Pisces and Taurus Personalized Zodiac Couple Wall Art, Names and Message, Digital Files",87,pisces wall art,taurus zodiac,13,9.99,14.99,5,Midnight Blue; Deep Black; Pure White; Champagne Ivory; Warm Parchment,5,AstroLove_Pisces_Taurus_Midnight_Blue_ALL_SIZES.zip; AstroLove_Pisces_Taurus_Deep_Black_ALL_SIZES.zip; AstroLove_Pisces_Taurus_Pure_White_ALL_SIZES.zip; AstroLove_Pisces_Taurus_Champagne_Ivory_ALL_SIZES.zip; AstroLove_Pisces_Taurus_Warm_Parchment_ALL_SIZES.zip,"5 JPG (2:3 7200x10800, 3:4 7200x9600, 4:5 7200x9000, 11:14 6600x8400, A 9934x14044) + Print and Care Guide PDF",made_to_order,download,First name (30) | Second name (30) | Short message (80),4556465995;4555143029;4553850474;4555433596,-
Pisces + Virgo,dijital_wall_art,4552572213,Champagne Ivory,ziyaret (1),0,0,1,"Pisces and Virgo Personalized Zodiac Couple Wall Art, Names and Message, Digital Files",86,pisces wall art,virgo zodiac,13,9.99,14.99,5,Midnight Blue; Deep Black; Pure White; Champagne Ivory; Warm Parchment,5,AstroLove_Pisces_Virgo_Midnight_Blue_ALL_SIZES.zip; AstroLove_Pisces_Virgo_Deep_Black_ALL_SIZES.zip; AstroLove_Pisces_Virgo_Pure_White_ALL_SIZES.zip; AstroLove_Pisces_Virgo_Champagne_Ivory_ALL_SIZES.zip; AstroLove_Pisces_Virgo_Warm_Parchment_ALL_SIZES.zip,"5 JPG (2:3 7200x10800, 3:4 7200x9600, 4:5 7200x9000, 11:14 6600x8400, A 9934x14044) + Print and Care Guide PDF",made_to_order,download,First name (30) | Second name (30) | Short message (80),4556466233;4555143351;4553840915;4555422889,-
Sagittarius + Sagittarius,dijital_wall_art,4553841583,Midnight Blue,ziyaret (9),0,0,9,"Sagittarius and Sagittarius Personalized Zodiac Couple Wall Art, Names and Message, Digital Files",97,sagittarius wall art,sagittarius zodiac,13,9.99,14.99,5,Midnight Blue; Deep Black; Pure White; Champagne Ivory; Warm Parchment,5,AstroLove_Sagittarius_Sagittarius_Midnight_Blue_ALL_SIZES.zip; AstroLove_Sagittarius_Sagittarius_Deep_Black_ALL_SIZES.zip; AstroLove_Sagittarius_Sagittarius_Pure_White_ALL_SIZES.zip; AstroLove_Sagittarius_Sagittarius_Champagne_Ivory_ALL_SIZES.zip; AstroLove_Sagittarius_Sagittarius_Warm_Parchment_ALL_SIZES.zip,"5 JPG (2:3 7200x10800, 3:4 7200x9600, 4:5 7200x9000, 11:14 6600x8400, A 9934x14044) + Print and Care Guide PDF",made_to_order,download,First name (30) | Second name (30) | Short message (80),4556466469;4552572361;4555434066;4555143639,-
Sagittarius + Scorpio,dijital_wall_art,4553842179,Midnight Blue,ziyaret (3),0,0,3,"Sagittarius and Scorpio Personalized Zodiac Couple Wall Art, Names and Message, Digital Files",93,sagittarius wall art,scorpio zodiac,13,9.99,14.99,5,Midnight Blue; Deep Black; Pure White; Champagne Ivory; Warm Parchment,5,AstroLove_Sagittarius_Scorpio_Midnight_Blue_ALL_SIZES.zip; AstroLove_Sagittarius_Scorpio_Deep_Black_ALL_SIZES.zip; AstroLove_Sagittarius_Scorpio_Pure_White_ALL_SIZES.zip; AstroLove_Sagittarius_Scorpio_Champagne_Ivory_ALL_SIZES.zip; AstroLove_Sagittarius_Scorpio_Warm_Parchment_ALL_SIZES.zip,"5 JPG (2:3 7200x10800, 3:4 7200x9600, 4:5 7200x9000, 11:14 6600x8400, A 9934x14044) + Print and Care Guide PDF",made_to_order,download,First name (30) | Second name (30) | Short message (80),4556466691;4552584700;4555434282;4555156692,-
Sagittarius + Taurus,dijital_wall_art,4553853158,Midnight Blue,ziyaret (2),0,0,2,"Sagittarius and Taurus Personalized Zodiac Couple Wall Art, Names and Message, Digital Files",92,sagittarius wall art,taurus zodiac,13,9.99,14.99,5,Midnight Blue; Deep Black; Pure White; Champagne Ivory; Warm Parchment,5,AstroLove_Sagittarius_Taurus_Midnight_Blue_ALL_SIZES.zip; AstroLove_Sagittarius_Taurus_Deep_Black_ALL_SIZES.zip; AstroLove_Sagittarius_Taurus_Pure_White_ALL_SIZES.zip; AstroLove_Sagittarius_Taurus_Champagne_Ivory_ALL_SIZES.zip; AstroLove_Sagittarius_Taurus_Warm_Parchment_ALL_SIZES.zip,"5 JPG (2:3 7200x10800, 3:4 7200x9600, 4:5 7200x9000, 11:14 6600x8400, A 9934x14044) + Print and Care Guide PDF",made_to_order,download,First name (30) | Second name (30) | Short message (80),4556481670;4552584850;4555434554;4555144397,-
Sagittarius + Virgo,dijital_wall_art,4555434772,Deep Black,ziyaret (1),0,0,1,"Sagittarius and Virgo Personalized Zodiac Couple Wall Art, Names and Message, Digital Files",91,sagittarius wall art,virgo zodiac,13,9.99,14.99,5,Midnight Blue; Deep Black; Pure White; Champagne Ivory; Warm Parchment,5,AstroLove_Sagittarius_Virgo_Midnight_Blue_ALL_SIZES.zip; AstroLove_Sagittarius_Virgo_Deep_Black_ALL_SIZES.zip; AstroLove_Sagittarius_Virgo_Pure_White_ALL_SIZES.zip; AstroLove_Sagittarius_Virgo_Champagne_Ivory_ALL_SIZES.zip; AstroLove_Sagittarius_Virgo_Warm_Parchment_ALL_SIZES.zip,"5 JPG (2:3 7200x10800, 3:4 7200x9600, 4:5 7200x9000, 11:14 6600x8400, A 9934x14044) + Print and Care Guide PDF",made_to_order,download,First name (30) | Second name (30) | Short message (80),4553843465;4552572879;4556467127;4555145075,-
Scorpio + Scorpio,dijital_wall_art,4553844045,Midnight Blue,ziyaret (2),0,0,2,"Scorpio and Scorpio Personalized Zodiac Couple Wall Art, Names and Message, Digital Files",89,scorpio wall art,scorpio zodiac,13,9.99,14.99,5,Midnight Blue; Deep Black; Pure White; Champagne Ivory; Warm Parchment,5,AstroLove_Scorpio_Scorpio_Midnight_Blue_ALL_SIZES.zip; AstroLove_Scorpio_Scorpio_Deep_Black_ALL_SIZES.zip; AstroLove_Scorpio_Scorpio_Pure_White_ALL_SIZES.zip; AstroLove_Scorpio_Scorpio_Champagne_Ivory_ALL_SIZES.zip; AstroLove_Scorpio_Scorpio_Warm_Parchment_ALL_SIZES.zip,"5 JPG (2:3 7200x10800, 3:4 7200x9600, 4:5 7200x9000, 11:14 6600x8400, A 9934x14044) + Print and Care Guide PDF",made_to_order,download,First name (30) | Second name (30) | Short message (80),4556467377;4555145515;4552585172;4555424113,-
Scorpio + Taurus,dijital_wall_art,4552585332,Champagne Ivory,ziyaret (11),0,0,11,"Scorpio and Taurus Personalized Zodiac Couple Wall Art, Names and Message, Digital Files",88,scorpio wall art,taurus zodiac,13,9.99,14.99,5,Midnight Blue; Deep Black; Pure White; Champagne Ivory; Warm Parchment,5,AstroLove_Scorpio_Taurus_Midnight_Blue_ALL_SIZES.zip; AstroLove_Scorpio_Taurus_Deep_Black_ALL_SIZES.zip; AstroLove_Scorpio_Taurus_Pure_White_ALL_SIZES.zip; AstroLove_Scorpio_Taurus_Champagne_Ivory_ALL_SIZES.zip; AstroLove_Scorpio_Taurus_Warm_Parchment_ALL_SIZES.zip,"5 JPG (2:3 7200x10800, 3:4 7200x9600, 4:5 7200x9000, 11:14 6600x8400, A 9934x14044) + Print and Care Guide PDF",made_to_order,download,First name (30) | Second name (30) | Short message (80),4553855186;4555424351;4556467601;4555146101,-
Scorpio + Virgo,dijital_wall_art,4552573371,Champagne Ivory,ziyaret (5),0,0,5,"Scorpio and Virgo Personalized Zodiac Couple Wall Art, Names and Message, Digital Files",87,scorpio wall art,virgo zodiac,13,9.99,14.99,5,Midnight Blue; Deep Black; Pure White; Champagne Ivory; Warm Parchment,5,AstroLove_Scorpio_Virgo_Midnight_Blue_ALL_SIZES.zip; AstroLove_Scorpio_Virgo_Deep_Black_ALL_SIZES.zip; AstroLove_Scorpio_Virgo_Pure_White_ALL_SIZES.zip; AstroLove_Scorpio_Virgo_Champagne_Ivory_ALL_SIZES.zip; AstroLove_Scorpio_Virgo_Warm_Parchment_ALL_SIZES.zip,"5 JPG (2:3 7200x10800, 3:4 7200x9600, 4:5 7200x9000, 11:14 6600x8400, A 9934x14044) + Print and Care Guide PDF",made_to_order,download,First name (30) | Second name (30) | Short message (80),4553855834;4556482582;4555424589;4555153291,-
Taurus + Taurus,dijital_wall_art,4555435726,Deep Black,ziyaret (1),0,0,1,"Taurus and Taurus Personalized Zodiac Couple Wall Art, Names and Message, Digital Files",87,taurus wall art,taurus zodiac,13,9.99,14.99,5,Midnight Blue; Deep Black; Pure White; Champagne Ivory; Warm Parchment,5,AstroLove_Taurus_Taurus_Midnight_Blue_ALL_SIZES.zip; AstroLove_Taurus_Taurus_Deep_Black_ALL_SIZES.zip; AstroLove_Taurus_Taurus_Pure_White_ALL_SIZES.zip; AstroLove_Taurus_Taurus_Champagne_Ivory_ALL_SIZES.zip; AstroLove_Taurus_Taurus_Warm_Parchment_ALL_SIZES.zip,"5 JPG (2:3 7200x10800, 3:4 7200x9600, 4:5 7200x9000, 11:14 6600x8400, A 9934x14044) + Print and Care Guide PDF",made_to_order,download,First name (30) | Second name (30) | Short message (80),4553845801;4552573535;4556482798;4555166432,-
Taurus + Virgo,dijital_wall_art,4556482992,Pure White,ziyaret (5),0,0,5,"Taurus and Virgo Personalized Zodiac Couple Wall Art, Names and Message, Digital Files",86,taurus wall art,virgo zodiac,13,9.99,14.99,5,Midnight Blue; Deep Black; Pure White; Champagne Ivory; Warm Parchment,5,AstroLove_Taurus_Virgo_Midnight_Blue_ALL_SIZES.zip; AstroLove_Taurus_Virgo_Deep_Black_ALL_SIZES.zip; AstroLove_Taurus_Virgo_Pure_White_ALL_SIZES.zip; AstroLove_Taurus_Virgo_Champagne_Ivory_ALL_SIZES.zip; AstroLove_Taurus_Virgo_Warm_Parchment_ALL_SIZES.zip,"5 JPG (2:3 7200x10800, 3:4 7200x9600, 4:5 7200x9000, 11:14 6600x8400, A 9934x14044) + Print and Care Guide PDF",made_to_order,download,First name (30) | Second name (30) | Short message (80),4552573683;4553846385;4555425071;4555166788,-
Virgo + Virgo,dijital_wall_art,4552573851,Champagne Ivory,ziyaret (10),0,0,10,"Virgo and Virgo Personalized Zodiac Couple Wall Art, Names and Message, Digital Files",85,virgo wall art,virgo zodiac,13,9.99,14.99,5,Midnight Blue; Deep Black; Pure White; Champagne Ivory; Warm Parchment,5,AstroLove_Virgo_Virgo_Midnight_Blue_ALL_SIZES.zip; AstroLove_Virgo_Virgo_Deep_Black_ALL_SIZES.zip; AstroLove_Virgo_Virgo_Pure_White_ALL_SIZES.zip; AstroLove_Virgo_Virgo_Champagne_Ivory_ALL_SIZES.zip; AstroLove_Virgo_Virgo_Warm_Parchment_ALL_SIZES.zip,"5 JPG (2:3 7200x10800, 3:4 7200x9600, 4:5 7200x9000, 11:14 6600x8400, A 9934x14044) + Print and Care Guide PDF",made_to_order,download,First name (30) | Second name (30) | Short message (80),4555425329;4553847005;4555154359;4556468489,-
