cift,pasife_alinacak_listing_id,sira,korunan_listing_id,korunan_edisyon,islem,pin,edisyon
Aquarius + Aquarius,4555406337,1,4552211376,Champagne Ivory,deactivateListing (YAZMA - ayri onay),PIN_ESLEME.csv: bu ilanin pini kirilacak,ENVANTER.csv'den eslenecek (bu CSV'de yok)
Aquarius + Aquarius,4555116635,2,4552211376,Champagne Ivory,deactivateListing (YAZMA - ayri onay),PIN_ESLEME.csv: bu ilanin pini kirilacak,ENVANTER.csv'den eslenecek (bu CSV'de yok)
Aquarius + Aquarius,4553802506,3,4552211376,Champagne Ivory,deactivateListing (YAZMA - ayri onay),PIN_ESLEME.csv: bu ilanin pini kirilacak,ENVANTER.csv'den eslenecek (bu CSV'de yok)
Aquarius + Aquarius,4556453435,4,4552211376,Champagne Ivory,deactivateListing (YAZMA - ayri onay),PIN_ESLEME.csv: bu ilanin pini kirilacak,ENVANTER.csv'den eslenecek (bu CSV'de yok)
Aquarius + Aries,4552218990,1,4553814114,Midnight Blue,deactivateListing (YAZMA - ayri onay),PIN_ESLEME.csv: bu ilanin pini kirilacak,ENVANTER.csv'den eslenecek (bu CSV'de yok)
Aquarius + Aries,4555406651,2,4553814114,Midnight Blue,deactivateListing (YAZMA - ayri onay),PIN_ESLEME.csv: bu ilanin pini kirilacak,ENVANTER.csv'den eslenecek (bu CSV'de yok)
Aquarius + Aries,4556468510,3,4553814114,Midnight Blue,deactivateListing (YAZMA - ayri onay),PIN_ESLEME.csv: bu ilanin pini kirilacak,ENVANTER.csv'den eslenecek (bu CSV'de yok)
Aquarius + Aries,4555130140,4,4553814114,Midnight Blue,deactivateListing (YAZMA - ayri onay),PIN_ESLEME.csv: bu ilanin pini kirilacak,ENVANTER.csv'den eslenecek (bu CSV'de yok)
Aquarius + Cancer,4553814670,1,4552222590,Champagne Ivory,deactivateListing (YAZMA - ayri onay),PIN_ESLEME.csv: bu ilanin pini kirilacak,ENVANTER.csv'den eslenecek (bu CSV'de yok)
Aquarius + Cancer,4555417846,2,4552222590,Champagne Ivory,deactivateListing (YAZMA - ayri onay),PIN_ESLEME.csv: bu ilanin pini kirilacak,ENVANTER.csv'den eslenecek (bu CSV'de yok)
Aquarius + Cancer,4556468682,3,4552222590,Champagne Ivory,deactivateListing (YAZMA - ayri onay),PIN_ESLEME.csv: bu ilanin pini kirilacak,ENVANTER.csv'den eslenecek (bu CSV'de yok)
Aquarius + Cancer,4555130446,4,4552222590,Champagne Ivory,deactivateListing (YAZMA - ayri onay),PIN_ESLEME.csv: bu ilanin pini kirilacak,ENVANTER.csv'den eslenecek (bu CSV'de yok)
Aquarius + Capricorn,4552229158,1,4553815154,Midnight Blue,deactivateListing (YAZMA - ayri onay),PIN_ESLEME.csv: bu ilanin pini kirilacak,ENVANTER.csv'den eslenecek (bu CSV'de yok)
Aquarius + Capricorn,4556453991,2,4553815154,Midnight Blue,deactivateListing (YAZMA - ayri onay),PIN_ESLEME.csv: bu ilanin pini kirilacak,ENVANTER.csv'den eslenecek (bu CSV'de yok)
Aquarius + Capricorn,4555407175,3,4553815154,Midnight Blue,deactivateListing (YAZMA - ayri onay),PIN_ESLEME.csv: bu ilanin pini kirilacak,ENVANTER.csv'den eslenecek (bu CSV'de yok)
Aquarius + Capricorn,4555130982,4,4553815154,Midnight Blue,deactivateListing (YAZMA - ayri onay),PIN_ESLEME.csv: bu ilanin pini kirilacak,ENVANTER.csv'den eslenecek (bu CSV'de yok)
Aquarius + Gemini,4553805327,1,4555418438,Deep Black,deactivateListing (YAZMA - ayri onay),PIN_ESLEME.csv: bu ilanin pini kirilacak,ENVANTER.csv'den eslenecek (bu CSV'de yok)
Aquarius + Gemini,4552221199,2,4555418438,Deep Black,deactivateListing (YAZMA - ayri onay),PIN_ESLEME.csv: bu ilanin pini kirilacak,ENVANTER.csv'den eslenecek (bu CSV'de yok)
Aquarius + Gemini,4556469082,3,4555418438,Deep Black,deactivateListing (YAZMA - ayri onay),PIN_ESLEME.csv: bu ilanin pini kirilacak,ENVANTER.csv'den eslenecek (bu CSV'de yok)
Aquarius + Gemini,4555118635,4,4555418438,Deep Black,deactivateListing (YAZMA - ayri onay),PIN_ESLEME.csv: bu ilanin pini kirilacak,ENVANTER.csv'den eslenecek (bu CSV'de yok)
Aquarius + Leo,4555418684,1,4552223115,Champagne Ivory,deactivateListing (YAZMA - ayri onay),PIN_ESLEME.csv: bu ilanin pini kirilacak,ENVANTER.csv'den eslenecek (bu CSV'de yok)
Aquarius + Leo,4553805811,2,4552223115,Champagne Ivory,deactivateListing (YAZMA - ayri onay),PIN_ESLEME.csv: bu ilanin pini kirilacak,ENVANTER.csv'den eslenecek (bu CSV'de yok)
Aquarius + Leo,4556454335,3,4552223115,Champagne Ivory,deactivateListing (YAZMA - ayri onay),PIN_ESLEME.csv: bu ilanin pini kirilacak,ENVANTER.csv'den eslenecek (bu CSV'de yok)
Aquarius + Leo,4555118947,4,4552223115,Champagne Ivory,deactivateListing (YAZMA - ayri onay),PIN_ESLEME.csv: bu ilanin pini kirilacak,ENVANTER.csv'den eslenecek (bu CSV'de yok)
Aquarius + Libra,4552236202,1,4553816874,Midnight Blue,deactivateListing (YAZMA - ayri onay),PIN_ESLEME.csv: bu ilanin pini kirilacak,ENVANTER.csv'den eslenecek (bu CSV'de yok)
Aquarius + Libra,4555408089,2,4553816874,Midnight Blue,deactivateListing (YAZMA - ayri onay),PIN_ESLEME.csv: bu ilanin pini kirilacak,ENVANTER.csv'den eslenecek (bu CSV'de yok)
Aquarius + Libra,4556454543,3,4553816874,Midnight Blue,deactivateListing (YAZMA - ayri onay),PIN_ESLEME.csv: bu ilanin pini kirilacak,ENVANTER.csv'den eslenecek (bu CSV'de yok)
Aquarius + Libra,4555119283,4,4553816874,Midnight Blue,deactivateListing (YAZMA - ayri onay),PIN_ESLEME.csv: bu ilanin pini kirilacak,ENVANTER.csv'den eslenecek (bu CSV'de yok)
Aquarius + Pisces,4555132658,1,4552238736,Champagne Ivory,deactivateListing (YAZMA - ayri onay),PIN_ESLEME.csv: bu ilanin pini kirilacak,ENVANTER.csv'den eslenecek (bu CSV'de yok)
Aquarius + Pisces,4553806901,2,4552238736,Champagne Ivory,deactivateListing (YAZMA - ayri onay),PIN_ESLEME.csv: bu ilanin pini kirilacak,ENVANTER.csv'den eslenecek (bu CSV'de yok)
Aquarius + Pisces,4555419248,3,4552238736,Champagne Ivory,deactivateListing (YAZMA - ayri onay),PIN_ESLEME.csv: bu ilanin pini kirilacak,ENVANTER.csv'den eslenecek (bu CSV'de yok)
Aquarius + Pisces,4556469622,4,4552238736,Champagne Ivory,deactivateListing (YAZMA - ayri onay),PIN_ESLEME.csv: bu ilanin pini kirilacak,ENVANTER.csv'den eslenecek (bu CSV'de yok)
Aquarius + Sagittarius,4553807425,1,4556469802,Pure White,deactivateListing (YAZMA - ayri onay),PIN_ESLEME.csv: bu ilanin pini kirilacak,ENVANTER.csv'den eslenecek (bu CSV'de yok)
Aquarius + Sagittarius,4552229669,2,4556469802,Pure White,deactivateListing (YAZMA - ayri onay),PIN_ESLEME.csv: bu ilanin pini kirilacak,ENVANTER.csv'den eslenecek (bu CSV'de yok)
Aquarius + Sagittarius,4555419476,3,4556469802,Pure White,deactivateListing (YAZMA - ayri onay),PIN_ESLEME.csv: bu ilanin pini kirilacak,ENVANTER.csv'den eslenecek (bu CSV'de yok)
Aquarius + Sagittarius,4555120013,4,4556469802,Pure White,deactivateListing (YAZMA - ayri onay),PIN_ESLEME.csv: bu ilanin pini kirilacak,ENVANTER.csv'den eslenecek (bu CSV'de yok)
Aquarius + Scorpio,4555408851,1,4552573692,Champagne Ivory,deactivateListing (YAZMA - ayri onay),PIN_ESLEME.csv: bu ilanin pini kirilacak,ENVANTER.csv'den eslenecek (bu CSV'de yok)
Aquarius + Scorpio,4553807977,2,4552573692,Champagne Ivory,deactivateListing (YAZMA - ayri onay),PIN_ESLEME.csv: bu ilanin pini kirilacak,ENVANTER.csv'den eslenecek (bu CSV'de yok)
Aquarius + Scorpio,4556455057,3,4552573692,Champagne Ivory,deactivateListing (YAZMA - ayri onay),PIN_ESLEME.csv: bu ilanin pini kirilacak,ENVANTER.csv'den eslenecek (bu CSV'de yok)
Aquarius + Scorpio,4555120553,4,4552573692,Champagne Ivory,deactivateListing (YAZMA - ayri onay),PIN_ESLEME.csv: bu ilanin pini kirilacak,ENVANTER.csv'den eslenecek (bu CSV'de yok)
Aquarius + Taurus,4556455211,1,4552573812,Champagne Ivory,deactivateListing (YAZMA - ayri onay),PIN_ESLEME.csv: bu ilanin pini kirilacak,ENVANTER.csv'den eslenecek (bu CSV'de yok)
Aquarius + Taurus,4553808541,2,4552573812,Champagne Ivory,deactivateListing (YAZMA - ayri onay),PIN_ESLEME.csv: bu ilanin pini kirilacak,ENVANTER.csv'den eslenecek (bu CSV'de yok)
Aquarius + Taurus,4555419944,3,4552573812,Champagne Ivory,deactivateListing (YAZMA - ayri onay),PIN_ESLEME.csv: bu ilanin pini kirilacak,ENVANTER.csv'den eslenecek (bu CSV'de yok)
Aquarius + Taurus,4555133872,4,4552573812,Champagne Ivory,deactivateListing (YAZMA - ayri onay),PIN_ESLEME.csv: bu ilanin pini kirilacak,ENVANTER.csv'den eslenecek (bu CSV'de yok)
Aquarius + Virgo,4555121167,1,4555409327,Deep Black,deactivateListing (YAZMA - ayri onay),PIN_ESLEME.csv: bu ilanin pini kirilacak,ENVANTER.csv'den eslenecek (bu CSV'de yok)
Aquarius + Virgo,4553819600,2,4555409327,Deep Black,deactivateListing (YAZMA - ayri onay),PIN_ESLEME.csv: bu ilanin pini kirilacak,ENVANTER.csv'den eslenecek (bu CSV'de yok)
Aquarius + Virgo,4552561179,3,4555409327,Deep Black,deactivateListing (YAZMA - ayri onay),PIN_ESLEME.csv: bu ilanin pini kirilacak,ENVANTER.csv'den eslenecek (bu CSV'de yok)
Aquarius + Virgo,4556470324,4,4555409327,Deep Black,deactivateListing (YAZMA - ayri onay),PIN_ESLEME.csv: bu ilanin pini kirilacak,ENVANTER.csv'den eslenecek (bu CSV'de yok)
Aries + Aries,4552561341,1,4553809567,Midnight Blue,deactivateListing (YAZMA - ayri onay),PIN_ESLEME.csv: bu ilanin pini kirilacak,ENVANTER.csv'den eslenecek (bu CSV'de yok)
Aries + Aries,4555409563,2,4553809567,Midnight Blue,deactivateListing (YAZMA - ayri onay),PIN_ESLEME.csv: bu ilanin pini kirilacak,ENVANTER.csv'den eslenecek (bu CSV'de yok)
Aries + Aries,4556470506,3,4553809567,Midnight Blue,deactivateListing (YAZMA - ayri onay),PIN_ESLEME.csv: bu ilanin pini kirilacak,ENVANTER.csv'den eslenecek (bu CSV'de yok)
Aries + Aries,4555121525,4,4553809567,Midnight Blue,deactivateListing (YAZMA - ayri onay),PIN_ESLEME.csv: bu ilanin pini kirilacak,ENVANTER.csv'den eslenecek (bu CSV'de yok)
Aries + Cancer,4552574138,1,4553820536,Midnight Blue,deactivateListing (YAZMA - ayri onay),PIN_ESLEME.csv: bu ilanin pini kirilacak,ENVANTER.csv'den eslenecek (bu CSV'de yok)
Aries + Cancer,4555420728,2,4553820536,Midnight Blue,deactivateListing (YAZMA - ayri onay),PIN_ESLEME.csv: bu ilanin pini kirilacak,ENVANTER.csv'den eslenecek (bu CSV'de yok)
Aries + Cancer,4556470646,3,4553820536,Midnight Blue,deactivateListing (YAZMA - ayri onay),PIN_ESLEME.csv: bu ilanin pini kirilacak,ENVANTER.csv'den eslenecek (bu CSV'de yok)
Aries + Cancer,4555121853,4,4553820536,Midnight Blue,deactivateListing (YAZMA - ayri onay),PIN_ESLEME.csv: bu ilanin pini kirilacak,ENVANTER.csv'den eslenecek (bu CSV'de yok)
Aries + Capricorn,4555122383,1,4556455827,Pure White,deactivateListing (YAZMA - ayri onay),PIN_ESLEME.csv: bu ilanin pini kirilacak,ENVANTER.csv'den eslenecek (bu CSV'de yok)
Aries + Capricorn,4553821066,2,4556455827,Pure White,deactivateListing (YAZMA - ayri onay),PIN_ESLEME.csv: bu ilanin pini kirilacak,ENVANTER.csv'den eslenecek (bu CSV'de yok)
Aries + Capricorn,4552561607,3,4556455827,Pure White,deactivateListing (YAZMA - ayri onay),PIN_ESLEME.csv: bu ilanin pini kirilacak,ENVANTER.csv'den eslenecek (bu CSV'de yok)
Aries + Capricorn,4555410019,4,4556455827,Pure White,deactivateListing (YAZMA - ayri onay),PIN_ESLEME.csv: bu ilanin pini kirilacak,ENVANTER.csv'den eslenecek (bu CSV'de yok)
Aries + Gemini,4553811151,1,4555410275,Deep Black,deactivateListing (YAZMA - ayri onay),PIN_ESLEME.csv: bu ilanin pini kirilacak,ENVANTER.csv'den eslenecek (bu CSV'de yok)
Aries + Gemini,4552561735,2,4555410275,Deep Black,deactivateListing (YAZMA - ayri onay),PIN_ESLEME.csv: bu ilanin pini kirilacak,ENVANTER.csv'den eslenecek (bu CSV'de yok)
Aries + Gemini,4556470990,3,4555410275,Deep Black,deactivateListing (YAZMA - ayri onay),PIN_ESLEME.csv: bu ilanin pini kirilacak,ENVANTER.csv'den eslenecek (bu CSV'de yok)
Aries + Gemini,4555135852,4,4555410275,Deep Black,deactivateListing (YAZMA - ayri onay),PIN_ESLEME.csv: bu ilanin pini kirilacak,ENVANTER.csv'den eslenecek (bu CSV'de yok)
Aries + Leo,4552574562,1,4553811743,Midnight Blue,deactivateListing (YAZMA - ayri onay),PIN_ESLEME.csv: bu ilanin pini kirilacak,ENVANTER.csv'den eslenecek (bu CSV'de yok)
Aries + Leo,4555421456,2,4553811743,Midnight Blue,deactivateListing (YAZMA - ayri onay),PIN_ESLEME.csv: bu ilanin pini kirilacak,ENVANTER.csv'den eslenecek (bu CSV'de yok)
Aries + Leo,4556456145,3,4553811743,Midnight Blue,deactivateListing (YAZMA - ayri onay),PIN_ESLEME.csv: bu ilanin pini kirilacak,ENVANTER.csv'den eslenecek (bu CSV'de yok)
Aries + Leo,4555136158,4,4553811743,Midnight Blue,deactivateListing (YAZMA - ayri onay),PIN_ESLEME.csv: bu ilanin pini kirilacak,ENVANTER.csv'den eslenecek (bu CSV'de yok)
Aries + Libra,4555123485,1,4555421746,Deep Black,deactivateListing (YAZMA - ayri onay),PIN_ESLEME.csv: bu ilanin pini kirilacak,ENVANTER.csv'den eslenecek (bu CSV'de yok)
Aries + Libra,4553822754,2,4555421746,Deep Black,deactivateListing (YAZMA - ayri onay),PIN_ESLEME.csv: bu ilanin pini kirilacak,ENVANTER.csv'den eslenecek (bu CSV'de yok)
Aries + Libra,4552562001,3,4555421746,Deep Black,deactivateListing (YAZMA - ayri onay),PIN_ESLEME.csv: bu ilanin pini kirilacak,ENVANTER.csv'den eslenecek (bu CSV'de yok)
Aries + Libra,4556471338,4,4555421746,Deep Black,deactivateListing (YAZMA - ayri onay),PIN_ESLEME.csv: bu ilanin pini kirilacak,ENVANTER.csv'den eslenecek (bu CSV'de yok)
Aries + Pisces,4555422012,1,4553823320,Midnight Blue,deactivateListing (YAZMA - ayri onay),PIN_ESLEME.csv: bu ilanin pini kirilacak,ENVANTER.csv'den eslenecek (bu CSV'de yok)
Aries + Pisces,4552574862,2,4553823320,Midnight Blue,deactivateListing (YAZMA - ayri onay),PIN_ESLEME.csv: bu ilanin pini kirilacak,ENVANTER.csv'den eslenecek (bu CSV'de yok)
Aries + Pisces,4556456527,3,4553823320,Midnight Blue,deactivateListing (YAZMA - ayri onay),PIN_ESLEME.csv: bu ilanin pini kirilacak,ENVANTER.csv'den eslenecek (bu CSV'de yok)
Aries + Pisces,4555123887,4,4553823320,Midnight Blue,deactivateListing (YAZMA - ayri onay),PIN_ESLEME.csv: bu ilanin pini kirilacak,ENVANTER.csv'den eslenecek (bu CSV'de yok)
Aries + Sagittarius,4553823876,1,4556471710,Pure White,deactivateListing (YAZMA - ayri onay),PIN_ESLEME.csv: bu ilanin pini kirilacak,ENVANTER.csv'den eslenecek (bu CSV'de yok)
Aries + Sagittarius,4552574996,2,4556471710,Pure White,deactivateListing (YAZMA - ayri onay),PIN_ESLEME.csv: bu ilanin pini kirilacak,ENVANTER.csv'den eslenecek (bu CSV'de yok)
Aries + Sagittarius,4555411267,3,4556471710,Pure White,deactivateListing (YAZMA - ayri onay),PIN_ESLEME.csv: bu ilanin pini kirilacak,ENVANTER.csv'den eslenecek (bu CSV'de yok)
Aries + Sagittarius,4555124243,4,4556471710,Pure White,deactivateListing (YAZMA - ayri onay),PIN_ESLEME.csv: bu ilanin pini kirilacak,ENVANTER.csv'den eslenecek (bu CSV'de yok)
Aries + Scorpio,4552575122,1,4555411521,Deep Black,deactivateListing (YAZMA - ayri onay),PIN_ESLEME.csv: bu ilanin pini kirilacak,ENVANTER.csv'den eslenecek (bu CSV'de yok)
Aries + Scorpio,4556456919,2,4555411521,Deep Black,deactivateListing (YAZMA - ayri onay),PIN_ESLEME.csv: bu ilanin pini kirilacak,ENVANTER.csv'den eslenecek (bu CSV'de yok)
Aries + Scorpio,4555137528,3,4555411521,Deep Black,deactivateListing (YAZMA - ayri onay),PIN_ESLEME.csv: bu ilanin pini kirilacak,ENVANTER.csv'den eslenecek (bu CSV'de yok)
Aries + Scorpio,4553813845,4,4555411521,Deep Black,deactivateListing (YAZMA - ayri onay),PIN_ESLEME.csv: bu ilanin pini kirilacak,ENVANTER.csv'den eslenecek (bu CSV'de yok)
Aries + Taurus,4552562621,1,4553814319,Midnight Blue,deactivateListing (YAZMA - ayri onay),PIN_ESLEME.csv: bu ilanin pini kirilacak,ENVANTER.csv'den eslenecek (bu CSV'de yok)
Aries + Taurus,4555422854,2,4553814319,Midnight Blue,deactivateListing (YAZMA - ayri onay),PIN_ESLEME.csv: bu ilanin pini kirilacak,ENVANTER.csv'den eslenecek (bu CSV'de yok)
Aries + Taurus,4556457125,3,4553814319,Midnight Blue,deactivateListing (YAZMA - ayri onay),PIN_ESLEME.csv: bu ilanin pini kirilacak,ENVANTER.csv'den eslenecek (bu CSV'de yok)
Aries + Taurus,4555137974,4,4553814319,Midnight Blue,deactivateListing (YAZMA - ayri onay),PIN_ESLEME.csv: bu ilanin pini kirilacak,ENVANTER.csv'den eslenecek (bu CSV'de yok)
Aries + Virgo,4552562763,1,4555125405,Warm Parchment,deactivateListing (YAZMA - ayri onay),PIN_ESLEME.csv: bu ilanin pini kirilacak,ENVANTER.csv'den eslenecek (bu CSV'de yok)
Aries + Virgo,4553814877,2,4555125405,Warm Parchment,deactivateListing (YAZMA - ayri onay),PIN_ESLEME.csv: bu ilanin pini kirilacak,ENVANTER.csv'den eslenecek (bu CSV'de yok)
Aries + Virgo,4555412061,3,4555125405,Warm Parchment,deactivateListing (YAZMA - ayri onay),PIN_ESLEME.csv: bu ilanin pini kirilacak,ENVANTER.csv'den eslenecek (bu CSV'de yok)
Aries + Virgo,4556472246,4,4555125405,Warm Parchment,deactivateListing (YAZMA - ayri onay),PIN_ESLEME.csv: bu ilanin pini kirilacak,ENVANTER.csv'den eslenecek (bu CSV'de yok)
Cancer + Cancer,4552562901,1,4553815453,Midnight Blue,deactivateListing (YAZMA - ayri onay),PIN_ESLEME.csv: bu ilanin pini kirilacak,ENVANTER.csv'den eslenecek (bu CSV'de yok)
Cancer + Cancer,4555423314,2,4553815453,Midnight Blue,deactivateListing (YAZMA - ayri onay),PIN_ESLEME.csv: bu ilanin pini kirilacak,ENVANTER.csv'den eslenecek (bu CSV'de yok)
Cancer + Cancer,4556472414,3,4553815453,Midnight Blue,deactivateListing (YAZMA - ayri onay),PIN_ESLEME.csv: bu ilanin pini kirilacak,ENVANTER.csv'den eslenecek (bu CSV'de yok)
Cancer + Cancer,4555125749,4,4553815453,Midnight Blue,deactivateListing (YAZMA - ayri onay),PIN_ESLEME.csv: bu ilanin pini kirilacak,ENVANTER.csv'den eslenecek (bu CSV'de yok)
Cancer + Capricorn,4556472588,1,4553826440,Midnight Blue,deactivateListing (YAZMA - ayri onay),PIN_ESLEME.csv: bu ilanin pini kirilacak,ENVANTER.csv'den eslenecek (bu CSV'de yok)
Cancer + Capricorn,4552575580,2,4553826440,Midnight Blue,deactivateListing (YAZMA - ayri onay),PIN_ESLEME.csv: bu ilanin pini kirilacak,ENVANTER.csv'den eslenecek (bu CSV'de yok)
Cancer + Capricorn,4555412601,3,4553826440,Midnight Blue,deactivateListing (YAZMA - ayri onay),PIN_ESLEME.csv: bu ilanin pini kirilacak,ENVANTER.csv'den eslenecek (bu CSV'de yok)
Cancer + Capricorn,4555138950,4,4553826440,Midnight Blue,deactivateListing (YAZMA - ayri onay),PIN_ESLEME.csv: bu ilanin pini kirilacak,ENVANTER.csv'den eslenecek (bu CSV'de yok)
Cancer + Gemini,4552563179,1,4553816507,Midnight Blue,deactivateListing (YAZMA - ayri onay),PIN_ESLEME.csv: bu ilanin pini kirilacak,ENVANTER.csv'den eslenecek (bu CSV'de yok)
Cancer + Gemini,4555423780,2,4553816507,Midnight Blue,deactivateListing (YAZMA - ayri onay),PIN_ESLEME.csv: bu ilanin pini kirilacak,ENVANTER.csv'den eslenecek (bu CSV'de yok)
Cancer + Gemini,4556472780,3,4553816507,Midnight Blue,deactivateListing (YAZMA - ayri onay),PIN_ESLEME.csv: bu ilanin pini kirilacak,ENVANTER.csv'den eslenecek (bu CSV'de yok)
Cancer + Gemini,4555126565,4,4553816507,Midnight Blue,deactivateListing (YAZMA - ayri onay),PIN_ESLEME.csv: bu ilanin pini kirilacak,ENVANTER.csv'den eslenecek (bu CSV'de yok)
Cancer + Leo,4552563305,1,4553827468,Midnight Blue,deactivateListing (YAZMA - ayri onay),PIN_ESLEME.csv: bu ilanin pini kirilacak,ENVANTER.csv'den eslenecek (bu CSV'de yok)
Cancer + Leo,4555413103,2,4553827468,Midnight Blue,deactivateListing (YAZMA - ayri onay),PIN_ESLEME.csv: bu ilanin pini kirilacak,ENVANTER.csv'den eslenecek (bu CSV'de yok)
Cancer + Leo,4556458047,3,4553827468,Midnight Blue,deactivateListing (YAZMA - ayri onay),PIN_ESLEME.csv: bu ilanin pini kirilacak,ENVANTER.csv'den eslenecek (bu CSV'de yok)
Cancer + Leo,4555126893,4,4553827468,Midnight Blue,deactivateListing (YAZMA - ayri onay),PIN_ESLEME.csv: bu ilanin pini kirilacak,ENVANTER.csv'den eslenecek (bu CSV'de yok)
Cancer + Libra,4556451473,1,4552118763,Champagne Ivory,deactivateListing (YAZMA - ayri onay),PIN_ESLEME.csv: bu ilanin pini kirilacak,ENVANTER.csv'den eslenecek (bu CSV'de yok)
Cancer + Libra,4555408020,2,4552118763,Champagne Ivory,deactivateListing (YAZMA - ayri onay),PIN_ESLEME.csv: bu ilanin pini kirilacak,ENVANTER.csv'den eslenecek (bu CSV'de yok)
Cancer + Libra,4553828010,3,4552118763,Champagne Ivory,deactivateListing (YAZMA - ayri onay),PIN_ESLEME.csv: bu ilanin pini kirilacak,ENVANTER.csv'den eslenecek (bu CSV'de yok)
Cancer + Libra,4555124326,4,4552118763,Champagne Ivory,deactivateListing (YAZMA - ayri onay),PIN_ESLEME.csv: bu ilanin pini kirilacak,ENVANTER.csv'den eslenecek (bu CSV'de yok)
Cancer + Pisces,4553828514,1,4552575966,Champagne Ivory,deactivateListing (YAZMA - ayri onay),PIN_ESLEME.csv: bu ilanin pini kirilacak,ENVANTER.csv'den eslenecek (bu CSV'de yok)
Cancer + Pisces,4555140256,2,4552575966,Champagne Ivory,deactivateListing (YAZMA - ayri onay),PIN_ESLEME.csv: bu ilanin pini kirilacak,ENVANTER.csv'den eslenecek (bu CSV'de yok)
Cancer + Pisces,4555413357,3,4552575966,Champagne Ivory,deactivateListing (YAZMA - ayri onay),PIN_ESLEME.csv: bu ilanin pini kirilacak,ENVANTER.csv'den eslenecek (bu CSV'de yok)
Cancer + Pisces,4556473246,4,4552575966,Champagne Ivory,deactivateListing (YAZMA - ayri onay),PIN_ESLEME.csv: bu ilanin pini kirilacak,ENVANTER.csv'den eslenecek (bu CSV'de yok)
Cancer + Sagittarius,4556458437,1,4553818687,Midnight Blue,deactivateListing (YAZMA - ayri onay),PIN_ESLEME.csv: bu ilanin pini kirilacak,ENVANTER.csv'den eslenecek (bu CSV'de yok)
Cancer + Sagittarius,4555140590,2,4553818687,Midnight Blue,deactivateListing (YAZMA - ayri onay),PIN_ESLEME.csv: bu ilanin pini kirilacak,ENVANTER.csv'den eslenecek (bu CSV'de yok)
Cancer + Sagittarius,4552576068,3,4553818687,Midnight Blue,deactivateListing (YAZMA - ayri onay),PIN_ESLEME.csv: bu ilanin pini kirilacak,ENVANTER.csv'den eslenecek (bu CSV'de yok)
Cancer + Sagittarius,4555424504,4,4553818687,Midnight Blue,deactivateListing (YAZMA - ayri onay),PIN_ESLEME.csv: bu ilanin pini kirilacak,ENVANTER.csv'den eslenecek (bu CSV'de yok)
Cancer + Scorpio,4555413869,1,4552576212,Champagne Ivory,deactivateListing (YAZMA - ayri onay),PIN_ESLEME.csv: bu ilanin pini kirilacak,ENVANTER.csv'den eslenecek (bu CSV'de yok)
Cancer + Scorpio,4556458637,2,4552576212,Champagne Ivory,deactivateListing (YAZMA - ayri onay),PIN_ESLEME.csv: bu ilanin pini kirilacak,ENVANTER.csv'den eslenecek (bu CSV'de yok)
Cancer + Scorpio,4555128193,3,4552576212,Champagne Ivory,deactivateListing (YAZMA - ayri onay),PIN_ESLEME.csv: bu ilanin pini kirilacak,ENVANTER.csv'den eslenecek (bu CSV'de yok)
Cancer + Scorpio,4553819245,4,4552576212,Champagne Ivory,deactivateListing (YAZMA - ayri onay),PIN_ESLEME.csv: bu ilanin pini kirilacak,ENVANTER.csv'den eslenecek (bu CSV'de yok)
Cancer + Taurus,4553830080,1,4552563787,Champagne Ivory,deactivateListing (YAZMA - ayri onay),PIN_ESLEME.csv: bu ilanin pini kirilacak,ENVANTER.csv'den eslenecek (bu CSV'de yok)
Cancer + Taurus,4555425020,2,4552563787,Champagne Ivory,deactivateListing (YAZMA - ayri onay),PIN_ESLEME.csv: bu ilanin pini kirilacak,ENVANTER.csv'den eslenecek (bu CSV'de yok)
Cancer + Taurus,4556473810,3,4552563787,Champagne Ivory,deactivateListing (YAZMA - ayri onay),PIN_ESLEME.csv: bu ilanin pini kirilacak,ENVANTER.csv'den eslenecek (bu CSV'de yok)
Cancer + Taurus,4555141256,4,4552563787,Champagne Ivory,deactivateListing (YAZMA - ayri onay),PIN_ESLEME.csv: bu ilanin pini kirilacak,ENVANTER.csv'den eslenecek (bu CSV'de yok)
Cancer + Virgo,4552576460,1,4555141556,Warm Parchment,deactivateListing (YAZMA - ayri onay),PIN_ESLEME.csv: bu ilanin pini kirilacak,ENVANTER.csv'den eslenecek (bu CSV'de yok)
Cancer + Virgo,4556473980,2,4555141556,Warm Parchment,deactivateListing (YAZMA - ayri onay),PIN_ESLEME.csv: bu ilanin pini kirilacak,ENVANTER.csv'den eslenecek (bu CSV'de yok)
Cancer + Virgo,4553820361,3,4555141556,Warm Parchment,deactivateListing (YAZMA - ayri onay),PIN_ESLEME.csv: bu ilanin pini kirilacak,ENVANTER.csv'den eslenecek (bu CSV'de yok)
Cancer + Virgo,4555414293,4,4555141556,Warm Parchment,deactivateListing (YAZMA - ayri onay),PIN_ESLEME.csv: bu ilanin pini kirilacak,ENVANTER.csv'den eslenecek (bu CSV'de yok)
Capricorn + Capricorn,4553831188,1,4556474184,Pure White,deactivateListing (YAZMA - ayri onay),PIN_ESLEME.csv: bu ilanin pini kirilacak,ENVANTER.csv'den eslenecek (bu CSV'de yok)
Capricorn + Capricorn,4552564069,2,4556474184,Pure White,deactivateListing (YAZMA - ayri onay),PIN_ESLEME.csv: bu ilanin pini kirilacak,ENVANTER.csv'den eslenecek (bu CSV'de yok)
Capricorn + Capricorn,4555425496,3,4556474184,Pure White,deactivateListing (YAZMA - ayri onay),PIN_ESLEME.csv: bu ilanin pini kirilacak,ENVANTER.csv'den eslenecek (bu CSV'de yok)
Capricorn + Capricorn,4555141920,4,4556474184,Pure White,deactivateListing (YAZMA - ayri onay),PIN_ESLEME.csv: bu ilanin pini kirilacak,ENVANTER.csv'den eslenecek (bu CSV'de yok)
Capricorn + Gemini,4552579540,1,4553821493,Midnight Blue,deactivateListing (YAZMA - ayri onay),PIN_ESLEME.csv: bu ilanin pini kirilacak,ENVANTER.csv'den eslenecek (bu CSV'de yok)
Capricorn + Gemini,4555425754,2,4553821493,Midnight Blue,deactivateListing (YAZMA - ayri onay),PIN_ESLEME.csv: bu ilanin pini kirilacak,ENVANTER.csv'den eslenecek (bu CSV'de yok)
Capricorn + Gemini,4556459371,3,4553821493,Midnight Blue,deactivateListing (YAZMA - ayri onay),PIN_ESLEME.csv: bu ilanin pini kirilacak,ENVANTER.csv'den eslenecek (bu CSV'de yok)
Capricorn + Gemini,4555142502,4,4553821493,Midnight Blue,deactivateListing (YAZMA - ayri onay),PIN_ESLEME.csv: bu ilanin pini kirilacak,ENVANTER.csv'den eslenecek (bu CSV'de yok)
Capricorn + Leo,4552579688,1,4553822053,Midnight Blue,deactivateListing (YAZMA - ayri onay),PIN_ESLEME.csv: bu ilanin pini kirilacak,ENVANTER.csv'den eslenecek (bu CSV'de yok)
Capricorn + Leo,4555415041,2,4553822053,Midnight Blue,deactivateListing (YAZMA - ayri onay),PIN_ESLEME.csv: bu ilanin pini kirilacak,ENVANTER.csv'den eslenecek (bu CSV'de yok)
Capricorn + Leo,4556474530,3,4553822053,Midnight Blue,deactivateListing (YAZMA - ayri onay),PIN_ESLEME.csv: bu ilanin pini kirilacak,ENVANTER.csv'den eslenecek (bu CSV'de yok)
Capricorn + Leo,4555143126,4,4553822053,Midnight Blue,deactivateListing (YAZMA - ayri onay),PIN_ESLEME.csv: bu ilanin pini kirilacak,ENVANTER.csv'den eslenecek (bu CSV'de yok)
Capricorn + Libra,4555143408,1,4553832904,Midnight Blue,deactivateListing (YAZMA - ayri onay),PIN_ESLEME.csv: bu ilanin pini kirilacak,ENVANTER.csv'den eslenecek (bu CSV'de yok)
Capricorn + Libra,4552579828,2,4553832904,Midnight Blue,deactivateListing (YAZMA - ayri onay),PIN_ESLEME.csv: bu ilanin pini kirilacak,ENVANTER.csv'den eslenecek (bu CSV'de yok)
Capricorn + Libra,4555426266,3,4553832904,Midnight Blue,deactivateListing (YAZMA - ayri onay),PIN_ESLEME.csv: bu ilanin pini kirilacak,ENVANTER.csv'den eslenecek (bu CSV'de yok)
Capricorn + Libra,4556474668,4,4553832904,Midnight Blue,deactivateListing (YAZMA - ayri onay),PIN_ESLEME.csv: bu ilanin pini kirilacak,ENVANTER.csv'den eslenecek (bu CSV'de yok)
Capricorn + Pisces,4552579972,1,4553833422,Midnight Blue,deactivateListing (YAZMA - ayri onay),PIN_ESLEME.csv: bu ilanin pini kirilacak,ENVANTER.csv'den eslenecek (bu CSV'de yok)
Capricorn + Pisces,4555426522,2,4553833422,Midnight Blue,deactivateListing (YAZMA - ayri onay),PIN_ESLEME.csv: bu ilanin pini kirilacak,ENVANTER.csv'den eslenecek (bu CSV'de yok)
Capricorn + Pisces,4556474844,3,4553833422,Midnight Blue,deactivateListing (YAZMA - ayri onay),PIN_ESLEME.csv: bu ilanin pini kirilacak,ENVANTER.csv'den eslenecek (bu CSV'de yok)
Capricorn + Pisces,4555130961,4,4553833422,Midnight Blue,deactivateListing (YAZMA - ayri onay),PIN_ESLEME.csv: bu ilanin pini kirilacak,ENVANTER.csv'den eslenecek (bu CSV'de yok)
Capricorn + Sagittarius,4556475034,1,4552567953,Champagne Ivory,deactivateListing (YAZMA - ayri onay),PIN_ESLEME.csv: bu ilanin pini kirilacak,ENVANTER.csv'den eslenecek (bu CSV'de yok)
Capricorn + Sagittarius,4553823723,2,4552567953,Champagne Ivory,deactivateListing (YAZMA - ayri onay),PIN_ESLEME.csv: bu ilanin pini kirilacak,ENVANTER.csv'den eslenecek (bu CSV'de yok)
Capricorn + Sagittarius,4555426808,3,4552567953,Champagne Ivory,deactivateListing (YAZMA - ayri onay),PIN_ESLEME.csv: bu ilanin pini kirilacak,ENVANTER.csv'den eslenecek (bu CSV'de yok)
Capricorn + Sagittarius,4555131687,4,4552567953,Champagne Ivory,deactivateListing (YAZMA - ayri onay),PIN_ESLEME.csv: bu ilanin pini kirilacak,ENVANTER.csv'den eslenecek (bu CSV'de yok)
Capricorn + Scorpio,4552568109,1,4553834534,Midnight Blue,deactivateListing (YAZMA - ayri onay),PIN_ESLEME.csv: bu ilanin pini kirilacak,ENVANTER.csv'den eslenecek (bu CSV'de yok)
Capricorn + Scorpio,4555416129,2,4553834534,Midnight Blue,deactivateListing (YAZMA - ayri onay),PIN_ESLEME.csv: bu ilanin pini kirilacak,ENVANTER.csv'den eslenecek (bu CSV'de yok)
Capricorn + Scorpio,4556460319,3,4553834534,Midnight Blue,deactivateListing (YAZMA - ayri onay),PIN_ESLEME.csv: bu ilanin pini kirilacak,ENVANTER.csv'den eslenecek (bu CSV'de yok)
Capricorn + Scorpio,4555144830,4,4553834534,Midnight Blue,deactivateListing (YAZMA - ayri onay),PIN_ESLEME.csv: bu ilanin pini kirilacak,ENVANTER.csv'den eslenecek (bu CSV'de yok)
Capricorn + Taurus,4555427302,1,4553824803,Midnight Blue,deactivateListing (YAZMA - ayri onay),PIN_ESLEME.csv: bu ilanin pini kirilacak,ENVANTER.csv'den eslenecek (bu CSV'de yok)
Capricorn + Taurus,4555132467,2,4553824803,Midnight Blue,deactivateListing (YAZMA - ayri onay),PIN_ESLEME.csv: bu ilanin pini kirilacak,ENVANTER.csv'den eslenecek (bu CSV'de yok)
Capricorn + Taurus,4552568249,3,4553824803,Midnight Blue,deactivateListing (YAZMA - ayri onay),PIN_ESLEME.csv: bu ilanin pini kirilacak,ENVANTER.csv'den eslenecek (bu CSV'de yok)
Capricorn + Taurus,4556475380,4,4553824803,Midnight Blue,deactivateListing (YAZMA - ayri onay),PIN_ESLEME.csv: bu ilanin pini kirilacak,ENVANTER.csv'den eslenecek (bu CSV'de yok)
Capricorn + Virgo,4552568379,1,4553825327,Midnight Blue,deactivateListing (YAZMA - ayri onay),PIN_ESLEME.csv: bu ilanin pini kirilacak,ENVANTER.csv'den eslenecek (bu CSV'de yok)
Capricorn + Virgo,4555416607,2,4553825327,Midnight Blue,deactivateListing (YAZMA - ayri onay),PIN_ESLEME.csv: bu ilanin pini kirilacak,ENVANTER.csv'den eslenecek (bu CSV'de yok)
Capricorn + Virgo,4556460709,3,4553825327,Midnight Blue,deactivateListing (YAZMA - ayri onay),PIN_ESLEME.csv: bu ilanin pini kirilacak,ENVANTER.csv'den eslenecek (bu CSV'de yok)
Capricorn + Virgo,4555132755,4,4553825327,Midnight Blue,deactivateListing (YAZMA - ayri onay),PIN_ESLEME.csv: bu ilanin pini kirilacak,ENVANTER.csv'den eslenecek (bu CSV'de yok)
Gemini + Gemini,4552568521,1,4553836190,Midnight Blue,deactivateListing (YAZMA - ayri onay),PIN_ESLEME.csv: bu ilanin pini kirilacak,ENVANTER.csv'den eslenecek (bu CSV'de yok)
Gemini + Gemini,4556460881,2,4553836190,Midnight Blue,deactivateListing (YAZMA - ayri onay),PIN_ESLEME.csv: bu ilanin pini kirilacak,ENVANTER.csv'den eslenecek (bu CSV'de yok)
Gemini + Gemini,4555145806,3,4553836190,Midnight Blue,deactivateListing (YAZMA - ayri onay),PIN_ESLEME.csv: bu ilanin pini kirilacak,ENVANTER.csv'den eslenecek (bu CSV'de yok)
Gemini + Gemini,4555416851,4,4553836190,Midnight Blue,deactivateListing (YAZMA - ayri onay),PIN_ESLEME.csv: bu ilanin pini kirilacak,ENVANTER.csv'den eslenecek (bu CSV'de yok)
Gemini + Leo,4553836780,1,4552568677,Champagne Ivory,deactivateListing (YAZMA - ayri onay),PIN_ESLEME.csv: bu ilanin pini kirilacak,ENVANTER.csv'den eslenecek (bu CSV'de yok)
Gemini + Leo,4555417105,2,4552568677,Champagne Ivory,deactivateListing (YAZMA - ayri onay),PIN_ESLEME.csv: bu ilanin pini kirilacak,ENVANTER.csv'den eslenecek (bu CSV'de yok)
Gemini + Leo,4556461065,3,4552568677,Champagne Ivory,deactivateListing (YAZMA - ayri onay),PIN_ESLEME.csv: bu ilanin pini kirilacak,ENVANTER.csv'den eslenecek (bu CSV'de yok)
Gemini + Leo,4555146464,4,4552568677,Champagne Ivory,deactivateListing (YAZMA - ayri onay),PIN_ESLEME.csv: bu ilanin pini kirilacak,ENVANTER.csv'den eslenecek (bu CSV'de yok)
Gemini + Libra,4552568817,1,4553837378,Midnight Blue,deactivateListing (YAZMA - ayri onay),PIN_ESLEME.csv: bu ilanin pini kirilacak,ENVANTER.csv'den eslenecek (bu CSV'de yok)
Gemini + Libra,4555417297,2,4553837378,Midnight Blue,deactivateListing (YAZMA - ayri onay),PIN_ESLEME.csv: bu ilanin pini kirilacak,ENVANTER.csv'den eslenecek (bu CSV'de yok)
Gemini + Libra,4556461249,3,4553837378,Midnight Blue,deactivateListing (YAZMA - ayri onay),PIN_ESLEME.csv: bu ilanin pini kirilacak,ENVANTER.csv'den eslenecek (bu CSV'de yok)
Gemini + Libra,4555134033,4,4553837378,Midnight Blue,deactivateListing (YAZMA - ayri onay),PIN_ESLEME.csv: bu ilanin pini kirilacak,ENVANTER.csv'den eslenecek (bu CSV'de yok)
Gemini + Pisces,4556476348,1,4555417539,Deep Black,deactivateListing (YAZMA - ayri onay),PIN_ESLEME.csv: bu ilanin pini kirilacak,ENVANTER.csv'den eslenecek (bu CSV'de yok)
Gemini + Pisces,4553827623,2,4555417539,Deep Black,deactivateListing (YAZMA - ayri onay),PIN_ESLEME.csv: bu ilanin pini kirilacak,ENVANTER.csv'den eslenecek (bu CSV'de yok)
Gemini + Pisces,4552568971,3,4555417539,Deep Black,deactivateListing (YAZMA - ayri onay),PIN_ESLEME.csv: bu ilanin pini kirilacak,ENVANTER.csv'den eslenecek (bu CSV'de yok)
Gemini + Pisces,4555147126,4,4555417539,Deep Black,deactivateListing (YAZMA - ayri onay),PIN_ESLEME.csv: bu ilanin pini kirilacak,ENVANTER.csv'den eslenecek (bu CSV'de yok)
Gemini + Sagittarius,4555428858,1,4553828191,Midnight Blue,deactivateListing (YAZMA - ayri onay),PIN_ESLEME.csv: bu ilanin pini kirilacak,ENVANTER.csv'den eslenecek (bu CSV'de yok)
Gemini + Sagittarius,4556476510,2,4553828191,Midnight Blue,deactivateListing (YAZMA - ayri onay),PIN_ESLEME.csv: bu ilanin pini kirilacak,ENVANTER.csv'den eslenecek (bu CSV'de yok)
Gemini + Sagittarius,4552581320,3,4553828191,Midnight Blue,deactivateListing (YAZMA - ayri onay),PIN_ESLEME.csv: bu ilanin pini kirilacak,ENVANTER.csv'den eslenecek (bu CSV'de yok)
Gemini + Sagittarius,4555147628,4,4553828191,Midnight Blue,deactivateListing (YAZMA - ayri onay),PIN_ESLEME.csv: bu ilanin pini kirilacak,ENVANTER.csv'den eslenecek (bu CSV'de yok)
Gemini + Scorpio,4552569263,1,4553828681,Midnight Blue,deactivateListing (YAZMA - ayri onay),PIN_ESLEME.csv: bu ilanin pini kirilacak,ENVANTER.csv'den eslenecek (bu CSV'de yok)
Gemini + Scorpio,4555429098,2,4553828681,Midnight Blue,deactivateListing (YAZMA - ayri onay),PIN_ESLEME.csv: bu ilanin pini kirilacak,ENVANTER.csv'den eslenecek (bu CSV'de yok)
Gemini + Scorpio,4556461875,3,4553828681,Midnight Blue,deactivateListing (YAZMA - ayri onay),PIN_ESLEME.csv: bu ilanin pini kirilacak,ENVANTER.csv'den eslenecek (bu CSV'de yok)
Gemini + Scorpio,4555147950,4,4553828681,Midnight Blue,deactivateListing (YAZMA - ayri onay),PIN_ESLEME.csv: bu ilanin pini kirilacak,ENVANTER.csv'den eslenecek (bu CSV'de yok)
Gemini + Taurus,4552581618,1,4553829173,Midnight Blue,deactivateListing (YAZMA - ayri onay),PIN_ESLEME.csv: bu ilanin pini kirilacak,ENVANTER.csv'den eslenecek (bu CSV'de yok)
Gemini + Taurus,4555429352,2,4553829173,Midnight Blue,deactivateListing (YAZMA - ayri onay),PIN_ESLEME.csv: bu ilanin pini kirilacak,ENVANTER.csv'den eslenecek (bu CSV'de yok)
Gemini + Taurus,4556476916,3,4553829173,Midnight Blue,deactivateListing (YAZMA - ayri onay),PIN_ESLEME.csv: bu ilanin pini kirilacak,ENVANTER.csv'den eslenecek (bu CSV'de yok)
Gemini + Taurus,4555135645,4,4553829173,Midnight Blue,deactivateListing (YAZMA - ayri onay),PIN_ESLEME.csv: bu ilanin pini kirilacak,ENVANTER.csv'den eslenecek (bu CSV'de yok)
Gemini + Virgo,4553840112,1,4556462253,Pure White,deactivateListing (YAZMA - ayri onay),PIN_ESLEME.csv: bu ilanin pini kirilacak,ENVANTER.csv'den eslenecek (bu CSV'de yok)
Gemini + Virgo,4552581750,2,4556462253,Pure White,deactivateListing (YAZMA - ayri onay),PIN_ESLEME.csv: bu ilanin pini kirilacak,ENVANTER.csv'den eslenecek (bu CSV'de yok)
Gemini + Virgo,4555429588,3,4556462253,Pure White,deactivateListing (YAZMA - ayri onay),PIN_ESLEME.csv: bu ilanin pini kirilacak,ENVANTER.csv'den eslenecek (bu CSV'de yok)
Gemini + Virgo,4555136409,4,4556462253,Pure White,deactivateListing (YAZMA - ayri onay),PIN_ESLEME.csv: bu ilanin pini kirilacak,ENVANTER.csv'den eslenecek (bu CSV'de yok)
Leo + Leo,4552569701,1,4553830263,Midnight Blue,deactivateListing (YAZMA - ayri onay),PIN_ESLEME.csv: bu ilanin pini kirilacak,ENVANTER.csv'den eslenecek (bu CSV'de yok)
Leo + Leo,4555418727,2,4553830263,Midnight Blue,deactivateListing (YAZMA - ayri onay),PIN_ESLEME.csv: bu ilanin pini kirilacak,ENVANTER.csv'den eslenecek (bu CSV'de yok)
Leo + Leo,4556462485,3,4553830263,Midnight Blue,deactivateListing (YAZMA - ayri onay),PIN_ESLEME.csv: bu ilanin pini kirilacak,ENVANTER.csv'den eslenecek (bu CSV'de yok)
Leo + Leo,4555136701,4,4553830263,Midnight Blue,deactivateListing (YAZMA - ayri onay),PIN_ESLEME.csv: bu ilanin pini kirilacak,ENVANTER.csv'den eslenecek (bu CSV'de yok)
Leo + Libra,4553830815,1,4552582036,Champagne Ivory,deactivateListing (YAZMA - ayri onay),PIN_ESLEME.csv: bu ilanin pini kirilacak,ENVANTER.csv'den eslenecek (bu CSV'de yok)
Leo + Libra,4555419047,2,4552582036,Champagne Ivory,deactivateListing (YAZMA - ayri onay),PIN_ESLEME.csv: bu ilanin pini kirilacak,ENVANTER.csv'den eslenecek (bu CSV'de yok)
Leo + Libra,4556477550,3,4552582036,Champagne Ivory,deactivateListing (YAZMA - ayri onay),PIN_ESLEME.csv: bu ilanin pini kirilacak,ENVANTER.csv'den eslenecek (bu CSV'de yok)
Leo + Libra,4555149746,4,4552582036,Champagne Ivory,deactivateListing (YAZMA - ayri onay),PIN_ESLEME.csv: bu ilanin pini kirilacak,ENVANTER.csv'den eslenecek (bu CSV'de yok)
Leo + Pisces,4555419307,1,4552582170,Champagne Ivory,deactivateListing (YAZMA - ayri onay),PIN_ESLEME.csv: bu ilanin pini kirilacak,ENVANTER.csv'den eslenecek (bu CSV'de yok)
Leo + Pisces,4556477768,2,4552582170,Champagne Ivory,deactivateListing (YAZMA - ayri onay),PIN_ESLEME.csv: bu ilanin pini kirilacak,ENVANTER.csv'den eslenecek (bu CSV'de yok)
Leo + Pisces,4553831395,3,4552582170,Champagne Ivory,deactivateListing (YAZMA - ayri onay),PIN_ESLEME.csv: bu ilanin pini kirilacak,ENVANTER.csv'den eslenecek (bu CSV'de yok)
Leo + Pisces,4555150010,4,4552582170,Champagne Ivory,deactivateListing (YAZMA - ayri onay),PIN_ESLEME.csv: bu ilanin pini kirilacak,ENVANTER.csv'den eslenecek (bu CSV'de yok)
Leo + Sagittarius,4555419585,1,4553831933,Midnight Blue,deactivateListing (YAZMA - ayri onay),PIN_ESLEME.csv: bu ilanin pini kirilacak,ENVANTER.csv'den eslenecek (bu CSV'de yok)
Leo + Sagittarius,4552582310,2,4553831933,Midnight Blue,deactivateListing (YAZMA - ayri onay),PIN_ESLEME.csv: bu ilanin pini kirilacak,ENVANTER.csv'den eslenecek (bu CSV'de yok)
Leo + Sagittarius,4556463125,3,4553831933,Midnight Blue,deactivateListing (YAZMA - ayri onay),PIN_ESLEME.csv: bu ilanin pini kirilacak,ENVANTER.csv'den eslenecek (bu CSV'de yok)
Leo + Sagittarius,4555137885,4,4553831933,Midnight Blue,deactivateListing (YAZMA - ayri onay),PIN_ESLEME.csv: bu ilanin pini kirilacak,ENVANTER.csv'den eslenecek (bu CSV'de yok)
Leo + Scorpio,4555150734,1,4553842936,Midnight Blue,deactivateListing (YAZMA - ayri onay),PIN_ESLEME.csv: bu ilanin pini kirilacak,ENVANTER.csv'den eslenecek (bu CSV'de yok)
Leo + Scorpio,4552570267,2,4553842936,Midnight Blue,deactivateListing (YAZMA - ayri onay),PIN_ESLEME.csv: bu ilanin pini kirilacak,ENVANTER.csv'den eslenecek (bu CSV'de yok)
Leo + Scorpio,4555419809,3,4553842936,Midnight Blue,deactivateListing (YAZMA - ayri onay),PIN_ESLEME.csv: bu ilanin pini kirilacak,ENVANTER.csv'den eslenecek (bu CSV'de yok)
Leo + Scorpio,4556463303,4,4553842936,Midnight Blue,deactivateListing (YAZMA - ayri onay),PIN_ESLEME.csv: bu ilanin pini kirilacak,ENVANTER.csv'den eslenecek (bu CSV'de yok)
Leo + Taurus,4553833213,1,4555151192,Warm Parchment,deactivateListing (YAZMA - ayri onay),PIN_ESLEME.csv: bu ilanin pini kirilacak,ENVANTER.csv'den eslenecek (bu CSV'de yok)
Leo + Taurus,4552570419,2,4555151192,Warm Parchment,deactivateListing (YAZMA - ayri onay),PIN_ESLEME.csv: bu ilanin pini kirilacak,ENVANTER.csv'den eslenecek (bu CSV'de yok)
Leo + Taurus,4555420049,3,4555151192,Warm Parchment,deactivateListing (YAZMA - ayri onay),PIN_ESLEME.csv: bu ilanin pini kirilacak,ENVANTER.csv'den eslenecek (bu CSV'de yok)
Leo + Taurus,4556478396,4,4555151192,Warm Parchment,deactivateListing (YAZMA - ayri onay),PIN_ESLEME.csv: bu ilanin pini kirilacak,ENVANTER.csv'den eslenecek (bu CSV'de yok)
Leo + Virgo,4553844106,1,4552582774,Champagne Ivory,deactivateListing (YAZMA - ayri onay),PIN_ESLEME.csv: bu ilanin pini kirilacak,ENVANTER.csv'den eslenecek (bu CSV'de yok)
Leo + Virgo,4555420291,2,4552582774,Champagne Ivory,deactivateListing (YAZMA - ayri onay),PIN_ESLEME.csv: bu ilanin pini kirilacak,ENVANTER.csv'den eslenecek (bu CSV'de yok)
Leo + Virgo,4556463731,3,4552582774,Champagne Ivory,deactivateListing (YAZMA - ayri onay),PIN_ESLEME.csv: bu ilanin pini kirilacak,ENVANTER.csv'den eslenecek (bu CSV'de yok)
Leo + Virgo,4555151570,4,4552582774,Champagne Ivory,deactivateListing (YAZMA - ayri onay),PIN_ESLEME.csv: bu ilanin pini kirilacak,ENVANTER.csv'den eslenecek (bu CSV'de yok)
Libra + Libra,4553834503,1,4552582946,Champagne Ivory,deactivateListing (YAZMA - ayri onay),PIN_ESLEME.csv: bu ilanin pini kirilacak,ENVANTER.csv'den eslenecek (bu CSV'de yok)
Libra + Libra,4555431498,2,4552582946,Champagne Ivory,deactivateListing (YAZMA - ayri onay),PIN_ESLEME.csv: bu ilanin pini kirilacak,ENVANTER.csv'den eslenecek (bu CSV'de yok)
Libra + Libra,4556478820,3,4552582946,Champagne Ivory,deactivateListing (YAZMA - ayri onay),PIN_ESLEME.csv: bu ilanin pini kirilacak,ENVANTER.csv'den eslenecek (bu CSV'de yok)
Libra + Libra,4555139417,4,4552582946,Champagne Ivory,deactivateListing (YAZMA - ayri onay),PIN_ESLEME.csv: bu ilanin pini kirilacak,ENVANTER.csv'den eslenecek (bu CSV'de yok)
Libra + Pisces,4553835095,1,4552570873,Champagne Ivory,deactivateListing (YAZMA - ayri onay),PIN_ESLEME.csv: bu ilanin pini kirilacak,ENVANTER.csv'den eslenecek (bu CSV'de yok)
Libra + Pisces,4555431748,2,4552570873,Champagne Ivory,deactivateListing (YAZMA - ayri onay),PIN_ESLEME.csv: bu ilanin pini kirilacak,ENVANTER.csv'den eslenecek (bu CSV'de yok)
Libra + Pisces,4556464159,3,4552570873,Champagne Ivory,deactivateListing (YAZMA - ayri onay),PIN_ESLEME.csv: bu ilanin pini kirilacak,ENVANTER.csv'den eslenecek (bu CSV'de yok)
Libra + Pisces,4555152250,4,4552570873,Champagne Ivory,deactivateListing (YAZMA - ayri onay),PIN_ESLEME.csv: bu ilanin pini kirilacak,ENVANTER.csv'den eslenecek (bu CSV'de yok)
Libra + Sagittarius,4553835695,1,4556479218,Pure White,deactivateListing (YAZMA - ayri onay),PIN_ESLEME.csv: bu ilanin pini kirilacak,ENVANTER.csv'den eslenecek (bu CSV'de yok)
Libra + Sagittarius,4552571011,2,4556479218,Pure White,deactivateListing (YAZMA - ayri onay),PIN_ESLEME.csv: bu ilanin pini kirilacak,ENVANTER.csv'den eslenecek (bu CSV'de yok)
Libra + Sagittarius,4555431974,3,4556479218,Pure White,deactivateListing (YAZMA - ayri onay),PIN_ESLEME.csv: bu ilanin pini kirilacak,ENVANTER.csv'den eslenecek (bu CSV'de yok)
Libra + Sagittarius,4555140129,4,4556479218,Pure White,deactivateListing (YAZMA - ayri onay),PIN_ESLEME.csv: bu ilanin pini kirilacak,ENVANTER.csv'den eslenecek (bu CSV'de yok)
Libra + Scorpio,4553846742,1,4555140437,Warm Parchment,deactivateListing (YAZMA - ayri onay),PIN_ESLEME.csv: bu ilanin pini kirilacak,ENVANTER.csv'den eslenecek (bu CSV'de yok)
Libra + Scorpio,4552571151,2,4555140437,Warm Parchment,deactivateListing (YAZMA - ayri onay),PIN_ESLEME.csv: bu ilanin pini kirilacak,ENVANTER.csv'den eslenecek (bu CSV'de yok)
Libra + Scorpio,4555421249,3,4555140437,Warm Parchment,deactivateListing (YAZMA - ayri onay),PIN_ESLEME.csv: bu ilanin pini kirilacak,ENVANTER.csv'den eslenecek (bu CSV'de yok)
Libra + Scorpio,4556479416,4,4555140437,Warm Parchment,deactivateListing (YAZMA - ayri onay),PIN_ESLEME.csv: bu ilanin pini kirilacak,ENVANTER.csv'den eslenecek (bu CSV'de yok)
Libra + Taurus,4556479636,1,4553837063,Midnight Blue,deactivateListing (YAZMA - ayri onay),PIN_ESLEME.csv: bu ilanin pini kirilacak,ENVANTER.csv'den eslenecek (bu CSV'de yok)
Libra + Taurus,4552571315,2,4553837063,Midnight Blue,deactivateListing (YAZMA - ayri onay),PIN_ESLEME.csv: bu ilanin pini kirilacak,ENVANTER.csv'den eslenecek (bu CSV'de yok)
Libra + Taurus,4555432386,3,4553837063,Midnight Blue,deactivateListing (YAZMA - ayri onay),PIN_ESLEME.csv: bu ilanin pini kirilacak,ENVANTER.csv'den eslenecek (bu CSV'de yok)
Libra + Taurus,4555153348,4,4553837063,Midnight Blue,deactivateListing (YAZMA - ayri onay),PIN_ESLEME.csv: bu ilanin pini kirilacak,ENVANTER.csv'den eslenecek (bu CSV'de yok)
Libra + Virgo,4552571461,1,4553837675,Midnight Blue,deactivateListing (YAZMA - ayri onay),PIN_ESLEME.csv: bu ilanin pini kirilacak,ENVANTER.csv'den eslenecek (bu CSV'de yok)
Libra + Virgo,4555421681,2,4553837675,Midnight Blue,deactivateListing (YAZMA - ayri onay),PIN_ESLEME.csv: bu ilanin pini kirilacak,ENVANTER.csv'den eslenecek (bu CSV'de yok)
Libra + Virgo,4556479886,3,4553837675,Midnight Blue,deactivateListing (YAZMA - ayri onay),PIN_ESLEME.csv: bu ilanin pini kirilacak,ENVANTER.csv'den eslenecek (bu CSV'de yok)
Libra + Virgo,4555153644,4,4553837675,Midnight Blue,deactivateListing (YAZMA - ayri onay),PIN_ESLEME.csv: bu ilanin pini kirilacak,ENVANTER.csv'den eslenecek (bu CSV'de yok)
Pisces + Pisces,4552583764,1,4553838321,Midnight Blue,deactivateListing (YAZMA - ayri onay),PIN_ESLEME.csv: bu ilanin pini kirilacak,ENVANTER.csv'den eslenecek (bu CSV'de yok)
Pisces + Pisces,4555421925,2,4553838321,Midnight Blue,deactivateListing (YAZMA - ayri onay),PIN_ESLEME.csv: bu ilanin pini kirilacak,ENVANTER.csv'den eslenecek (bu CSV'de yok)
Pisces + Pisces,4556465275,3,4553838321,Midnight Blue,deactivateListing (YAZMA - ayri onay),PIN_ESLEME.csv: bu ilanin pini kirilacak,ENVANTER.csv'den eslenecek (bu CSV'de yok)
Pisces + Pisces,4555141359,4,4553838321,Midnight Blue,deactivateListing (YAZMA - ayri onay),PIN_ESLEME.csv: bu ilanin pini kirilacak,ENVANTER.csv'den eslenecek (bu CSV'de yok)
Pisces + Sagittarius,4553849238,1,4552583910,Champagne Ivory,deactivateListing (YAZMA - ayri onay),PIN_ESLEME.csv: bu ilanin pini kirilacak,ENVANTER.csv'den eslenecek (bu CSV'de yok)
Pisces + Sagittarius,4555433090,2,4552583910,Champagne Ivory,deactivateListing (YAZMA - ayri onay),PIN_ESLEME.csv: bu ilanin pini kirilacak,ENVANTER.csv'den eslenecek (bu CSV'de yok)
Pisces + Sagittarius,4556465487,3,4552583910,Champagne Ivory,deactivateListing (YAZMA - ayri onay),PIN_ESLEME.csv: bu ilanin pini kirilacak,ENVANTER.csv'den eslenecek (bu CSV'de yok)
Pisces + Sagittarius,4555154356,4,4552583910,Champagne Ivory,deactivateListing (YAZMA - ayri onay),PIN_ESLEME.csv: bu ilanin pini kirilacak,ENVANTER.csv'den eslenecek (bu CSV'de yok)
Pisces + Scorpio,4555154678,1,4552584078,Champagne Ivory,deactivateListing (YAZMA - ayri onay),PIN_ESLEME.csv: bu ilanin pini kirilacak,ENVANTER.csv'den eslenecek (bu CSV'de yok)
Pisces + Scorpio,4553839543,2,4552584078,Champagne Ivory,deactivateListing (YAZMA - ayri onay),PIN_ESLEME.csv: bu ilanin pini kirilacak,ENVANTER.csv'den eslenecek (bu CSV'de yok)
Pisces + Scorpio,4555433362,3,4552584078,Champagne Ivory,deactivateListing (YAZMA - ayri onay),PIN_ESLEME.csv: bu ilanin pini kirilacak,ENVANTER.csv'den eslenecek (bu CSV'de yok)
Pisces + Scorpio,4556465701,4,4552584078,Champagne Ivory,deactivateListing (YAZMA - ayri onay),PIN_ESLEME.csv: bu ilanin pini kirilacak,ENVANTER.csv'den eslenecek (bu CSV'de yok)
Pisces + Taurus,4556465995,1,4552572057,Champagne Ivory,deactivateListing (YAZMA - ayri onay),PIN_ESLEME.csv: bu ilanin pini kirilacak,ENVANTER.csv'den eslenecek (bu CSV'de yok)
Pisces + Taurus,4555143029,2,4552572057,Champagne Ivory,deactivateListing (YAZMA - ayri onay),PIN_ESLEME.csv: bu ilanin pini kirilacak,ENVANTER.csv'den eslenecek (bu CSV'de yok)
Pisces + Taurus,4553850474,3,4552572057,Champagne Ivory,deactivateListing (YAZMA - ayri onay),PIN_ESLEME.csv: bu ilanin pini kirilacak,ENVANTER.csv'den eslenecek (bu CSV'de yok)
Pisces + Taurus,4555433596,4,4552572057,Champagne Ivory,deactivateListing (YAZMA - ayri onay),PIN_ESLEME.csv: bu ilanin pini kirilacak,ENVANTER.csv'den eslenecek (bu CSV'de yok)
Pisces + Virgo,4556466233,1,4552572213,Champagne Ivory,deactivateListing (YAZMA - ayri onay),PIN_ESLEME.csv: bu ilanin pini kirilacak,ENVANTER.csv'den eslenecek (bu CSV'de yok)
Pisces + Virgo,4555143351,2,4552572213,Champagne Ivory,deactivateListing (YAZMA - ayri onay),PIN_ESLEME.csv: bu ilanin pini kirilacak,ENVANTER.csv'den eslenecek (bu CSV'de yok)
Pisces + Virgo,4553840915,3,4552572213,Champagne Ivory,deactivateListing (YAZMA - ayri onay),PIN_ESLEME.csv: bu ilanin pini kirilacak,ENVANTER.csv'den eslenecek (bu CSV'de yok)
Pisces + Virgo,4555422889,4,4552572213,Champagne Ivory,deactivateListing (YAZMA - ayri onay),PIN_ESLEME.csv: bu ilanin pini kirilacak,ENVANTER.csv'den eslenecek (bu CSV'de yok)
Sagittarius + Sagittarius,4556466469,1,4553841583,Midnight Blue,deactivateListing (YAZMA - ayri onay),PIN_ESLEME.csv: bu ilanin pini kirilacak,ENVANTER.csv'den eslenecek (bu CSV'de yok)
Sagittarius + Sagittarius,4552572361,2,4553841583,Midnight Blue,deactivateListing (YAZMA - ayri onay),PIN_ESLEME.csv: bu ilanin pini kirilacak,ENVANTER.csv'den eslenecek (bu CSV'de yok)
Sagittarius + Sagittarius,4555434066,3,4553841583,Midnight Blue,deactivateListing (YAZMA - ayri onay),PIN_ESLEME.csv: bu ilanin pini kirilacak,ENVANTER.csv'den eslenecek (bu CSV'de yok)
Sagittarius + Sagittarius,4555143639,4,4553841583,Midnight Blue,deactivateListing (YAZMA - ayri onay),PIN_ESLEME.csv: bu ilanin pini kirilacak,ENVANTER.csv'den eslenecek (bu CSV'de yok)
Sagittarius + Scorpio,4556466691,1,4553842179,Midnight Blue,deactivateListing (YAZMA - ayri onay),PIN_ESLEME.csv: bu ilanin pini kirilacak,ENVANTER.csv'den eslenecek (bu CSV'de yok)
Sagittarius + Scorpio,4552584700,2,4553842179,Midnight Blue,deactivateListing (YAZMA - ayri onay),PIN_ESLEME.csv: bu ilanin pini kirilacak,ENVANTER.csv'den eslenecek (bu CSV'de yok)
Sagittarius + Scorpio,4555434282,3,4553842179,Midnight Blue,deactivateListing (YAZMA - ayri onay),PIN_ESLEME.csv: bu ilanin pini kirilacak,ENVANTER.csv'den eslenecek (bu CSV'de yok)
Sagittarius + Scorpio,4555156692,4,4553842179,Midnight Blue,deactivateListing (YAZMA - ayri onay),PIN_ESLEME.csv: bu ilanin pini kirilacak,ENVANTER.csv'den eslenecek (bu CSV'de yok)
Sagittarius + Taurus,4556481670,1,4553853158,Midnight Blue,deactivateListing (YAZMA - ayri onay),PIN_ESLEME.csv: bu ilanin pini kirilacak,ENVANTER.csv'den eslenecek (bu CSV'de yok)
Sagittarius + Taurus,4552584850,2,4553853158,Midnight Blue,deactivateListing (YAZMA - ayri onay),PIN_ESLEME.csv: bu ilanin pini kirilacak,ENVANTER.csv'den eslenecek (bu CSV'de yok)
Sagittarius + Taurus,4555434554,3,4553853158,Midnight Blue,deactivateListing (YAZMA - ayri onay),PIN_ESLEME.csv: bu ilanin pini kirilacak,ENVANTER.csv'den eslenecek (bu CSV'de yok)
Sagittarius + Taurus,4555144397,4,4553853158,Midnight Blue,deactivateListing (YAZMA - ayri onay),PIN_ESLEME.csv: bu ilanin pini kirilacak,ENVANTER.csv'den eslenecek (bu CSV'de yok)
Sagittarius + Virgo,4553843465,1,4555434772,Deep Black,deactivateListing (YAZMA - ayri onay),PIN_ESLEME.csv: bu ilanin pini kirilacak,ENVANTER.csv'den eslenecek (bu CSV'de yok)
Sagittarius + Virgo,4552572879,2,4555434772,Deep Black,deactivateListing (YAZMA - ayri onay),PIN_ESLEME.csv: bu ilanin pini kirilacak,ENVANTER.csv'den eslenecek (bu CSV'de yok)
Sagittarius + Virgo,4556467127,3,4555434772,Deep Black,deactivateListing (YAZMA - ayri onay),PIN_ESLEME.csv: bu ilanin pini kirilacak,ENVANTER.csv'den eslenecek (bu CSV'de yok)
Sagittarius + Virgo,4555145075,4,4555434772,Deep Black,deactivateListing (YAZMA - ayri onay),PIN_ESLEME.csv: bu ilanin pini kirilacak,ENVANTER.csv'den eslenecek (bu CSV'de yok)
Scorpio + Scorpio,4556467377,1,4553844045,Midnight Blue,deactivateListing (YAZMA - ayri onay),PIN_ESLEME.csv: bu ilanin pini kirilacak,ENVANTER.csv'den eslenecek (bu CSV'de yok)
Scorpio + Scorpio,4555145515,2,4553844045,Midnight Blue,deactivateListing (YAZMA - ayri onay),PIN_ESLEME.csv: bu ilanin pini kirilacak,ENVANTER.csv'den eslenecek (bu CSV'de yok)
Scorpio + Scorpio,4552585172,3,4553844045,Midnight Blue,deactivateListing (YAZMA - ayri onay),PIN_ESLEME.csv: bu ilanin pini kirilacak,ENVANTER.csv'den eslenecek (bu CSV'de yok)
Scorpio + Scorpio,4555424113,4,4553844045,Midnight Blue,deactivateListing (YAZMA - ayri onay),PIN_ESLEME.csv: bu ilanin pini kirilacak,ENVANTER.csv'den eslenecek (bu CSV'de yok)
Scorpio + Taurus,4553855186,1,4552585332,Champagne Ivory,deactivateListing (YAZMA - ayri onay),PIN_ESLEME.csv: bu ilanin pini kirilacak,ENVANTER.csv'den eslenecek (bu CSV'de yok)
Scorpio + Taurus,4555424351,2,4552585332,Champagne Ivory,deactivateListing (YAZMA - ayri onay),PIN_ESLEME.csv: bu ilanin pini kirilacak,ENVANTER.csv'den eslenecek (bu CSV'de yok)
Scorpio + Taurus,4556467601,3,4552585332,Champagne Ivory,deactivateListing (YAZMA - ayri onay),PIN_ESLEME.csv: bu ilanin pini kirilacak,ENVANTER.csv'den eslenecek (bu CSV'de yok)
Scorpio + Taurus,4555146101,4,4552585332,Champagne Ivory,deactivateListing (YAZMA - ayri onay),PIN_ESLEME.csv: bu ilanin pini kirilacak,ENVANTER.csv'den eslenecek (bu CSV'de yok)
Scorpio + Virgo,4553855834,1,4552573371,Champagne Ivory,deactivateListing (YAZMA - ayri onay),PIN_ESLEME.csv: bu ilanin pini kirilacak,ENVANTER.csv'den eslenecek (bu CSV'de yok)
Scorpio + Virgo,4556482582,2,4552573371,Champagne Ivory,deactivateListing (YAZMA - ayri onay),PIN_ESLEME.csv: bu ilanin pini kirilacak,ENVANTER.csv'den eslenecek (bu CSV'de yok)
Scorpio + Virgo,4555424589,3,4552573371,Champagne Ivory,deactivateListing (YAZMA - ayri onay),PIN_ESLEME.csv: bu ilanin pini kirilacak,ENVANTER.csv'den eslenecek (bu CSV'de yok)
Scorpio + Virgo,4555153291,4,4552573371,Champagne Ivory,deactivateListing (YAZMA - ayri onay),PIN_ESLEME.csv: bu ilanin pini kirilacak,ENVANTER.csv'den eslenecek (bu CSV'de yok)
Taurus + Taurus,4553845801,1,4555435726,Deep Black,deactivateListing (YAZMA - ayri onay),PIN_ESLEME.csv: bu ilanin pini kirilacak,ENVANTER.csv'den eslenecek (bu CSV'de yok)
Taurus + Taurus,4552573535,2,4555435726,Deep Black,deactivateListing (YAZMA - ayri onay),PIN_ESLEME.csv: bu ilanin pini kirilacak,ENVANTER.csv'den eslenecek (bu CSV'de yok)
Taurus + Taurus,4556482798,3,4555435726,Deep Black,deactivateListing (YAZMA - ayri onay),PIN_ESLEME.csv: bu ilanin pini kirilacak,ENVANTER.csv'den eslenecek (bu CSV'de yok)
Taurus + Taurus,4555166432,4,4555435726,Deep Black,deactivateListing (YAZMA - ayri onay),PIN_ESLEME.csv: bu ilanin pini kirilacak,ENVANTER.csv'den eslenecek (bu CSV'de yok)
Taurus + Virgo,4552573683,1,4556482992,Pure White,deactivateListing (YAZMA - ayri onay),PIN_ESLEME.csv: bu ilanin pini kirilacak,ENVANTER.csv'den eslenecek (bu CSV'de yok)
Taurus + Virgo,4553846385,2,4556482992,Pure White,deactivateListing (YAZMA - ayri onay),PIN_ESLEME.csv: bu ilanin pini kirilacak,ENVANTER.csv'den eslenecek (bu CSV'de yok)
Taurus + Virgo,4555425071,3,4556482992,Pure White,deactivateListing (YAZMA - ayri onay),PIN_ESLEME.csv: bu ilanin pini kirilacak,ENVANTER.csv'den eslenecek (bu CSV'de yok)
Taurus + Virgo,4555166788,4,4556482992,Pure White,deactivateListing (YAZMA - ayri onay),PIN_ESLEME.csv: bu ilanin pini kirilacak,ENVANTER.csv'den eslenecek (bu CSV'de yok)
Virgo + Virgo,4555425329,1,4552573851,Champagne Ivory,deactivateListing (YAZMA - ayri onay),PIN_ESLEME.csv: bu ilanin pini kirilacak,ENVANTER.csv'den eslenecek (bu CSV'de yok)
Virgo + Virgo,4553847005,2,4552573851,Champagne Ivory,deactivateListing (YAZMA - ayri onay),PIN_ESLEME.csv: bu ilanin pini kirilacak,ENVANTER.csv'den eslenecek (bu CSV'de yok)
Virgo + Virgo,4555154359,3,4552573851,Champagne Ivory,deactivateListing (YAZMA - ayri onay),PIN_ESLEME.csv: bu ilanin pini kirilacak,ENVANTER.csv'den eslenecek (bu CSV'de yok)
Virgo + Virgo,4556468489,4,4552573851,Champagne Ivory,deactivateListing (YAZMA - ayri onay),PIN_ESLEME.csv: bu ilanin pini kirilacak,ENVANTER.csv'den eslenecek (bu CSV'de yok)
