listing_id,mi_ifadeler
4493833580,1 year anniversary (#1) | 1st anniversary gift (#1) | paper anniversary (#1) | paper anniversary gift (#1) | gift for couple (#6) | wedding anniversary gift (#2) | anniversary gift for husband (#6)
4549455652,1 year anniversary (#2) | first anniversary (#1) | couple gifts (#4) | wedding anniversary (#2)
4560796592,1 year anniversary (#3) | 1st anniversary gift (#10) | first anniversary (#2) | paper anniversary gift (#2) | 1 year anniversary gift (#4) | anniversary gifts (#2) | custom couple portrait (#2) | couple portrait (#5)
4379239969,1 year anniversary (#4) | one year anniversary (#5) | 1st anniversary gift (#2) | first anniversary (#3) | paper anniversary (#4) | paper anniversary gift (#8) | anniversary print (#1) | couples art (#1) | anniversary gift (#2) | wedding anniversary gift (#4) | wedding anniversary gifts (#1) | wedding gift ideas (#9) | custom couple portrait (#5) | couple portrait (#8) | first anniversary gift (#2) | anniversary gift for couple (#10) | anniversary gifts for couples (#10) | gifts for couples (#5)
4548537156,1 year anniversary (#5) | 1 year anniversary gift (#7)
4516324076,1 year anniversary (#6) | 1 year anniversary gift (#5) | anniversary gift (#9) | anniversary gift for him (#2) | anniversary gifts for him (#1) | anniversary gift for husband (#8) | wedding anniversary gifts (#5) | anniversary gift for her (#10) | 5 year anniversary gift (#5)
4563419093,1 year anniversary (#7) | one year anniversary (#8) | anniversary gift (#4) | anniversary gifts (#8) | couple gifts (#5) | couples gift (#7) | anniversary gift for couple (#8)
1156060170,1 year anniversary (#8) | one year anniversary (#9) | anniversary gifts for him (#4) | anniversary gifts (#10) | anniversary gift for her (#8) | cotton anniversary gift (#5) | anniversary gifts for couples (#7) | second anniversary gift (#7)
4463685780,1 year anniversary (#9) | one year anniversary (#1) | first anniversary (#6) | 1 year anniversary gift (#2) | first anniversary gift (#9)
4529845869,1 year anniversary (#10) | one year anniversary (#6)
1871304702,one year anniversary (#2) | 1 year anniversary gift (#1)
4566726596,one year anniversary (#3)
4484136325,one year anniversary (#4) | anniversary poster (#5) | couples wall art (#1) | couples art (#10)
4449244923,one year anniversary (#7) | paper anniversary gift (#7) | 1 year anniversary gift (#6) | anniversary print (#7) | anniversary gift (#3) | anniversary gift for him (#3) | anniversary gifts for him (#8) | anniversary gifts (#5) | anniversary gift for her (#5) | first anniversary gift (#4) | gifts for couples (#6)
4544501316,one year anniversary (#10)
4493848442,1st anniversary gift (#3) | paper anniversary (#2) | anniversary gift (#10) | wedding anniversary gift (#1) | anniversary gift for husband (#2)
4555447806,1st anniversary gift (#4) | paper anniversary (#3) | engagement present (#1) | engagement gift (#10) | newlywed gift (#1) | couple portrait (#4)
4479481842,1st anniversary gift (#5) | gift for couple (#8) | wedding anniversary gift (#3) | anniversary gift for husband (#7) | anniversary gift for couple (#1)
1811828736,1st anniversary gift (#6) | 1 year anniversary gift (#10) | wedding anniversary gift (#7) | wedding anniversary gifts (#7) | first anniversary gift (#3) | wedding anniversary (#4) | first wedding anniversary (#4)
1868871630,1st anniversary gift (#7) | first anniversary (#7) | anniversary ornament (#4)
4479462266,1st anniversary gift (#8) | gift for couple (#10) | wedding anniversary gift (#5) | anniversary gift for couple (#2)
1480784306,1st anniversary gift (#9) | paper anniversary (#10) | paper anniversary gift (#4) | first anniversary gift (#6) | first wedding anniversary (#2)
4340528544,first anniversary (#4)
4558942821,first anniversary (#5) | wedding anniversary gift (#10) | first anniversary gift (#5)
4348063768,first anniversary (#8) | paper anniversary gift (#10)
4527102095,first anniversary (#9)
1691124024,first anniversary (#10) | first wedding anniversary (#5)
1821426292,paper anniversary (#5) | paper anniversary gift (#5) | first anniversary gift (#8)
1863303696,paper anniversary (#6) | paper anniversary gift (#6)
4535012086,paper anniversary (#7) | paper anniversary gift (#3) | wedding anniversary (#7) | first wedding anniversary (#6)
455781952,paper anniversary (#8)
760868008,paper anniversary (#9)
4488128546,paper anniversary gift (#9) | first wedding anniversary (#10)
4394650096,1 year anniversary gift (#3) | anniversary gift (#8) | anniversary gifts (#9) | wedding gifts for couple (#10) | wedding anniversary gifts (#4) | anniversary gift for her (#7) | couple gifts (#3) | couples gift (#4) | 5 year anniversary gift (#9) | anniversary gifts for couples (#1) | gifts for couples (#7)
4375781601,1 year anniversary gift (#8) | anniversary gift (#1) | anniversary gift for him (#1) | anniversary gifts for him (#7) | anniversary gifts (#4) | wedding anniversary gift (#8) | wedding anniversary gifts (#8) | anniversary gift for her (#2) | 5 year anniversary gift (#3) | anniversary gifts for couples (#2) | gifts for couples (#3)
1408953063,1 year anniversary gift (#9)
1146042082,anniversary print (#2) | anniversary poster (#4) | personalised couple print (#1)
4340685582,anniversary print (#3) | anniversary poster (#6)
4384689931,anniversary print (#4) | anniversary poster (#3) | couples wall art (#6)
4515201276,anniversary print (#5)
1702520605,anniversary print (#6)
4559854349,anniversary print (#8)
4537948053,anniversary print (#9) | cotton anniversary gift (#3)
4577139511,anniversary print (#10) | personalised couple print (#6)
4580137137,anniversary wall art (#1)
4584837383,anniversary wall art (#2)
1865322739,anniversary wall art (#3)
4428380092,anniversary wall art (#4) | couples wall art (#2) | couples art (#5)
4532222581,anniversary wall art (#5)
4412101078,anniversary wall art (#6)
4366833186,anniversary wall art (#7)
4467746349,anniversary wall art (#8)
4537562445,anniversary wall art (#9)
4582457114,anniversary wall art (#10)
1809046287,anniversary poster (#1)
1065582531,anniversary poster (#2)
790960038,anniversary poster (#7) | wedding anniversary (#8) | first wedding anniversary (#7)
4506191640,anniversary poster (#8)
4440798956,anniversary poster (#9)
1417919512,anniversary poster (#10) | personalized couple print (#9)
4563122787,aries gift (#1)
4408778436,aries gift (#2) | sagittarius gift (#9)
4335800386,aries gift (#3)
4524395673,aries gift (#4)
4575421043,aries gift (#5)
4559251656,aries gift (#6)
4354377371,aries gift (#7) | gemini gift (#6) | cancer zodiac gift (#4) | zodiac gifts (#3)
4570278944,aries gift (#8)
1831173101,aries gift (#9)
4589548683,aries gift (#10)
1453540456,taurus gift (#1)
1667531794,taurus gift (#2)
4464393087,taurus gift (#3)
1117328118,taurus gift (#4)
1456343616,taurus gift (#5)
4496169268,taurus gift (#6)
1456099906,taurus gift (#7)
1685606827,taurus gift (#8)
1443330459,taurus gift (#9)
4416030383,taurus gift (#10)
4474867972,gemini gift (#1)
1540918956,gemini gift (#2)
4323093506,gemini gift (#3)
4362435593,gemini gift (#4)
4391039859,gemini gift (#5)
1287219309,gemini gift (#7)
4400001778,gemini gift (#8)
1570632914,gemini gift (#9)
4367396638,gemini gift (#10)
4451110974,cancer zodiac gift (#1)
1866209021,cancer zodiac gift (#2)
1774650062,cancer zodiac gift (#3)
765230219,cancer zodiac gift (#5)
4343977869,cancer zodiac gift (#6) | pisces wall art (#7) | zodiac print (#2)
4501535467,cancer zodiac gift (#7)
4482587736,cancer zodiac gift (#8)
4326910048,cancer zodiac gift (#9)
4432358034,cancer zodiac gift (#10) | scorpio gift (#5) | aquarius gift (#2) | zodiac gifts (#1) | astrology gifts (#1)
1537786504,leo gift (#1)
1892942753,leo gift (#2)
4547874563,leo gift (#3)
4521496214,leo gift (#4)
1345869285,leo gift (#5)
1447135325,leo gift (#6)
4388577981,leo gift (#7)
1859539865,leo gift (#8)
4506774271,leo gift (#9)
4437881061,leo gift (#10)
4527353154,virgo gift (#1) | astrology gift (#10)
1527841240,virgo gift (#2) | libra gift (#2) | scorpio gift (#3) | aquarius gift (#1) | zodiac gift (#1) | zodiac gifts (#8) | astrology gifts (#5)
4412506835,virgo gift (#3)
4536560689,virgo gift (#4)
1542249701,virgo gift (#5)
4368668510,virgo gift (#6) | virgo wall art (#8)
4493626691,virgo gift (#7) | zodiac gifts (#6) | astrology decor (#10)
1286085701,virgo gift (#8)
4550399552,virgo gift (#9)
4558753745,virgo gift (#10) | zodiac gifts (#10)
4535634904,libra gift (#1)
4353664880,libra gift (#3)
1352481401,libra gift (#4)
4424912025,libra gift (#5) | astrology decor (#3)
1467576970,libra gift (#6) | scorpio gift (#1) | sagittarius gift (#2) | zodiac gift (#2) | astrology gifts (#4)
4556383792,libra gift (#7)
1723205629,libra gift (#8)
4561716987,libra gift (#9)
1876731210,libra gift (#10)
1601774705,scorpio gift (#2) | zodiac gifts (#2) | astrology gifts (#9)
4562189513,scorpio gift (#4)
1273125398,scorpio gift (#6)
4530175936,scorpio gift (#7)
573853790,scorpio gift (#8)
1820406604,scorpio gift (#9)
4432522028,scorpio gift (#10)
1078601428,sagittarius gift (#1)
1154261057,sagittarius gift (#3) | aries and leo (#1) | aries and leo (#1)
4547812182,sagittarius gift (#4)
4581290783,sagittarius gift (#5)
4453366311,sagittarius gift (#6)
980521824,sagittarius gift (#7)
4405515430,sagittarius gift (#8)
1857763535,sagittarius gift (#10)
4531963148,capricorn gift (#1)
1872365944,capricorn gift (#2)
4438817634,capricorn gift (#3)
1861267139,capricorn gift (#4)
1575486430,capricorn gift (#5)
4519614295,capricorn gift (#6)
4586370080,capricorn gift (#7)
1542370234,capricorn gift (#8)
1834597443,capricorn gift (#9)
740486978,capricorn gift (#10)
1745518574,aquarius gift (#3)
4577694902,aquarius gift (#4)
1066259555,aquarius gift (#5)
942729732,aquarius gift (#6)
4583828237,aquarius gift (#7)
1041889336,aquarius gift (#8)
607183345,aquarius gift (#9)
4392318411,aquarius gift (#10)
4308867508,pisces gift (#1) | zodiac gift (#5)
4547414760,pisces gift (#2)
1905336697,pisces gift (#3)
1891173269,pisces gift (#4)
4437868924,pisces gift (#5)
4503984886,pisces gift (#6)
4564444746,pisces gift (#7)
4542738309,pisces gift (#8)
4411742335,pisces gift (#9) | aquarius wall art (#4) | pisces wall art (#3) | zodiac wall art (#2) | astrology wall art (#5) | zodiac poster (#7) | pisces and virgo (#5)
1491313234,pisces gift (#10)
4414274221,aries wall art (#1)
4566522069,aries wall art (#2) | aries and taurus (#1)
4515193456,aries wall art (#3)
4367485024,aries wall art (#4)
4395306949,aries wall art (#5) | virgo wall art (#4) | libra wall art (#6) | scorpio wall art (#6) | pisces wall art (#6) | zodiac wall art (#1)
1319636325,aries wall art (#6)
4568301257,aries wall art (#7)
4423650667,aries wall art (#8)
4583339219,aries wall art (#9)
4434484141,aries wall art (#10)
4525127741,taurus wall art (#1)
4434490853,taurus wall art (#2)
4414773835,taurus wall art (#3)
4466425038,taurus wall art (#4)
4558130884,taurus wall art (#5) | scorpio wall art (#7) | zodiac wall art (#5) | celestial wall art (#2) | astrology wall art (#2) | zodiac couple wall art (#1) | astrology decor (#1)
4567281277,taurus wall art (#6)
1305622708,taurus wall art (#7)
4398840463,taurus wall art (#8)
1041107108,taurus wall art (#9)
4466777540,taurus wall art (#10)
4332553911,gemini wall art (#1)
4567174680,gemini wall art (#2)
4411743466,gemini wall art (#3)
4460592707,gemini wall art (#4)
4531684095,gemini wall art (#5)
4564469790,gemini wall art (#6)
4515824680,gemini wall art (#7)
4337770385,gemini wall art (#8)
1689523340,gemini wall art (#9)
1337337173,gemini wall art (#10)
4378044849,cancer wall art (#1)
4582532095,cancer wall art (#2)
1736212515,cancer wall art (#3)
4529738915,cancer wall art (#4)
4487935906,cancer wall art (#5)
1750427879,cancer wall art (#6)
562018053,cancer wall art (#7)
4345831220,cancer wall art (#8)
4570345451,cancer wall art (#9)
4373454267,cancer wall art (#10)
4510464054,leo wall art (#1)
4502381308,leo wall art (#2)
1220454813,leo wall art (#3)
1037352005,leo wall art (#4)
4484190777,leo wall art (#5)
4332554496,leo wall art (#6)
4304383957,leo wall art (#7) | zodiac wall art (#3) | astrology wall art (#8)
4481990707,leo wall art (#8)
4496831325,leo wall art (#9)
869799200,leo wall art (#10)
4567173270,virgo wall art (#1) | zodiac wall art (#9)
4414875244,virgo wall art (#2)
4328269335,virgo wall art (#3)
4503019546,virgo wall art (#5)
4532178335,virgo wall art (#6)
4459574803,virgo wall art (#7)
4568311413,virgo wall art (#9)
1857939387,virgo wall art (#10)
4359276231,libra wall art (#1) | zodiac print (#10)
4414766153,libra wall art (#2)
4566681649,libra wall art (#3)
4410966534,libra wall art (#4)
4349938481,libra wall art (#5)
4448788957,libra wall art (#7)
4515295457,libra wall art (#8)
4431630333,libra wall art (#9)
4568326090,libra wall art (#10)
4567146371,scorpio wall art (#1)
4371077614,scorpio wall art (#2)
1703715689,scorpio wall art (#3)
4559129943,scorpio wall art (#4)
4533089103,scorpio wall art (#5)
4315782659,scorpio wall art (#8)
4534508239,scorpio wall art (#9)
4528665398,scorpio wall art (#10)
4476334605,sagittarius wall art (#1)
4458410894,sagittarius wall art (#2)
4515836759,sagittarius wall art (#3)
930108662,sagittarius wall art (#4)
4572916947,sagittarius wall art (#5)
4505767377,sagittarius wall art (#6)
1797579615,sagittarius wall art (#7)
4552925432,sagittarius wall art (#8)
4548690408,sagittarius wall art (#9)
4457250972,sagittarius wall art (#10)
4394675294,capricorn wall art (#1)
1843747457,capricorn wall art (#2)
4517567869,capricorn wall art (#3) | zodiac sign wall art (#2) | astrology decor (#5)
4524465640,capricorn wall art (#4)
4357277471,capricorn wall art (#5)
4534676837,capricorn wall art (#6)
4506523524,capricorn wall art (#7)
4546129668,capricorn wall art (#8)
4429868185,capricorn wall art (#9)
4568326679,capricorn wall art (#10)
4414287548,aquarius wall art (#1)
4554400287,aquarius wall art (#2)
4458431352,aquarius wall art (#3)
4578994351,aquarius wall art (#5)
4583349766,aquarius wall art (#6)
4568158115,aquarius wall art (#7)
1859889590,aquarius wall art (#8)
4567175222,aquarius wall art (#9)
952980870,aquarius wall art (#10)
4515814951,pisces wall art (#1)
1249640510,pisces wall art (#2)
4571476711,pisces wall art (#4)
1093522592,pisces wall art (#5)
4568330385,pisces wall art (#8)
1670101844,pisces wall art (#9)
4532468949,pisces wall art (#10)
1412432995,zodiac wall art (#4)
855254824,zodiac wall art (#6)
876719071,zodiac wall art (#7)
922792501,zodiac wall art (#8) | astrology gift (#6) | astrology wall art (#3) | astrology decor (#8)
1849625984,zodiac wall art (#10)
1893287949,zodiac gift (#3) | astrology gifts (#7)
4331474837,zodiac gift (#4)
4474934031,zodiac gift (#6)
4532023964,zodiac gift (#7)
1251879305,zodiac gift (#8) | zodiac wedding gift (#1) | scorpio and taurus (#4)
1574860963,zodiac gift (#9)
4445355616,zodiac gift (#10)
4476149699,zodiac gifts (#4)
4565249405,zodiac gifts (#5)
4357537220,zodiac gifts (#7)
4454871270,zodiac gifts (#9)
1029301545,astrology gifts (#2) | astrology print (#4)
4499910935,astrology gifts (#3) | astrology gift (#2) | astrology decor (#7)
4526097707,astrology gifts (#6)
4503574193,astrology gifts (#8)
1609554220,astrology gifts (#10) | astrology gift (#8)
4538403869,astrology gift (#1)
1816628015,astrology gift (#3)
4579394467,astrology gift (#4) | astrology decor (#2)
1781414086,astrology gift (#5)
4547310811,astrology gift (#7)
4536828598,astrology gift (#9)
4412441284,celestial wall art (#1) | astrology wall art (#1)
1689043746,celestial wall art (#3)
4554481050,celestial wall art (#4)
1688144843,celestial wall art (#5)
1892623391,celestial wall art (#6)
4375149765,celestial wall art (#7)
4537430013,celestial wall art (#8)
4376503220,celestial wall art (#9)
4563989240,celestial wall art (#10)
4576494882,celestial decor (#1)
4311955566,celestial decor (#2)
4547316491,celestial decor (#3)
4397436073,celestial decor (#4)
4479708656,celestial decor (#5)
1832104312,celestial decor (#6)
4571040906,celestial decor (#7)
4522760551,celestial decor (#8)
733102490,celestial decor (#9)
4550085179,celestial decor (#10) | astrology decor (#6)
4503373036,astrology wall art (#4)
4583128847,astrology wall art (#6)
4510969720,astrology wall art (#7)
4547482551,astrology wall art (#9)
4535254042,astrology wall art (#10)
1670147415,zodiac poster (#1)
4386642968,zodiac poster (#2)
4507685100,zodiac poster (#3)
4510049024,zodiac poster (#4)
4496939840,zodiac poster (#5)
964859309,zodiac poster (#6)
4522708455,zodiac poster (#8)
1878270479,zodiac poster (#9)
4547408849,zodiac poster (#10)
4526066014,zodiac print (#1)
4540710303,zodiac print (#3)
4509123266,zodiac print (#4)
4506775194,zodiac print (#5)
1580603643,zodiac print (#6) | astrology print (#7)
4488397469,zodiac print (#7)
1363258605,zodiac print (#8)
4469334075,zodiac print (#9)
1260886819,astrology print (#1)
4385998974,astrology print (#2)
1772539799,astrology print (#3)
1756889479,astrology print (#5)
587367681,astrology print (#6)
4582803280,astrology print (#8)
1202017144,astrology print (#9)
1005868182,astrology print (#10)
4356494398,zodiac sign wall art (#1)
4387523951,zodiac sign wall art (#3)
4554816085,zodiac sign wall art (#4)
879037267,zodiac sign wall art (#5)
1599512875,zodiac sign wall art (#6)
4405514903,zodiac sign wall art (#7)
1807817600,zodiac sign wall art (#8)
4388108685,zodiac sign wall art (#9)
1165201190,zodiac sign wall art (#10)
4577545777,couple wall art (#1)
4580921794,couple wall art (#2)
4579373533,couple wall art (#3)
4578882592,couple wall art (#4)
4575014740,couple wall art (#5)
4567511275,couple wall art (#6) | couples wall art (#10)
4580177581,couple wall art (#7)
4562429977,couple wall art (#8)
4340254778,couple wall art (#9)
4354048380,couple wall art (#10) | couples art (#7) | custom couple portrait (#9)
4580400348,couples wall art (#3)
4398555397,couples wall art (#4)
4539792393,couples wall art (#5)
4572321078,couples wall art (#7)
4356603631,couples wall art (#8)
4567822496,couples wall art (#9)
4440029143,couples art (#2)
1323001160,couples art (#3) | custom couple portrait (#4)
1889068529,couples art (#4)
1187425914,couples art (#6)
1361467384,couples art (#8)
4297681714,couples art (#9)
1878151574,couple gift (#1)
4437561945,couple gift (#2) | engagement gift for couple (#7) | engagement keepsake (#2) | engagement gifts for couple (#6)
4448540996,couple gift (#3) | anniversary gift for couple (#6)
4564440868,couple gift (#4) | anniversary gift (#7) | couple gifts (#7)
4579564724,couple gift (#5) | anniversary ornament (#3)
4572367981,couple gift (#6) | anniversary gift for couple (#5)
4448420976,couple gift (#7)
4481648665,couple gift (#8) | newlywed gift (#6) | custom couple gift (#2)
4449078572,couple gift (#9)
4573793731,couple gift (#10) | custom couple gift (#5)
1458369411,gift for couple (#1) | engagement gift (#2)
4527161181,gift for couple (#2) | engagement gift for couple (#8) | anniversary gifts for couples (#9)
4527771533,gift for couple (#3) | anniversary gift for him (#5) | wedding anniversary gifts (#9)
1815607209,gift for couple (#4) | mr and mrs (#9) | personalized wedding gift (#5) | wedding keepsake (#1) | personalized wedding gifts (#2) | custom wedding gift (#2) | couple gifts (#2) | wedding gift for couple (#3) | couples gift (#1) | wedding party gifts (#8) | wedding party gift (#3)
865745504,gift for couple (#5) | wedding gift (#8) | anniversary gift for husband (#10) | wedding party gifts (#2) | wedding party gift (#2)
1799371006,gift for couple (#7) | wedding party gift (#6)
4518627868,gift for couple (#9) | couple gifts (#9)
4560809498,engagement present (#2) | engagement gift (#7) | custom couple portrait (#3) | engagement gifts for couple (#1)
4372228130,engagement present (#3)
4542600039,engagement present (#4) | engagement gifts (#4)
4542595686,engagement present (#5) | engagement gifts (#9)
1848588786,engagement present (#6) | engagement gifts (#8)
1889427230,engagement present (#7)
4473876563,engagement present (#8) | engagement gift (#1) | engagement gifts (#1) | engagement gift ideas (#1) | engagement gift for couple (#4)
1872062376,engagement present (#9)
1735450556,engagement present (#10)
1759492331,engagement gift (#3) | engagement gifts (#7) | engagement gift ideas (#8) | wedding party gifts (#6) | wedding party gift (#1)
1660348743,engagement gift (#4) | wedding gift (#2) | engagement gifts (#2) | custom wedding gift (#8) | couples gift (#6) | wedding gift ideas (#5) | engagement gift ideas (#2) | engagement gift for couple (#3) | custom couple portrait (#7) | engagement gifts for couple (#4) | gifts for couples (#10)
4481291515,engagement gift (#5) | engagement gift ideas (#6)
4397490181,engagement gift (#6) | engagement gift for couple (#1) | gifts for couples (#1)
4526708516,engagement gift (#8) | engagement gifts (#3) | engagement gift ideas (#7) | engagement gift for couple (#6) | engagement gifts for couple (#2)
4501944976,engagement gift (#9)
4557243800,newlywed gift (#2)
4420717007,newlywed gift (#3)
4404723001,newlywed gift (#4)
4518845310,newlywed gift (#5)
4578909739,newlywed gift (#7) | couple keepsake (#6)
4572463083,newlywed gift (#8)
4579446265,newlywed gift (#9) | couple keepsake (#7)
4567188019,newlywed gift (#10)
4545428909,wedding gift (#1) | personalized wedding gift (#2) | wedding gifts for couple (#6) | personalized wedding gifts (#8) | custom wedding gift (#3) | wedding gift ideas (#4)
737814816,wedding gift (#3) | wedding gifts for couple (#2)
4542569095,wedding gift (#4) | mr and mrs (#6) | personalized wedding gift (#7) | wedding gifts for couple (#5) | personalized wedding gifts (#9) | couples gift (#10) | wedding gift ideas (#1) | wedding table decor (#4) | wedding party gifts (#5) | wedding accessories (#8) | anniversary gift for couple (#4) | engagement gifts for couple (#9)
4538741991,wedding gift (#5)
1253128136,wedding gift (#6) | first wedding anniversary (#9)
4544977504,wedding gift (#7) | personalized wedding gift (#6) | wedding gifts for couple (#7) | custom wedding gift (#5)
695730450,wedding gift (#9) | personalized wedding gift (#4) | wedding gifts for couple (#9) | personalized wedding gifts (#6) | custom wedding gift (#6) | wedding gift ideas (#2)
809815466,wedding gift (#10)
4543030414,mr and mrs (#1)
1562669668,mr and mrs (#2)
1904379485,mr and mrs (#3) | wedding decor (#3) | wedding accessories (#7)
1739225751,mr and mrs (#4)
4471954732,mr and mrs (#5)
1796097519,mr and mrs (#7)
1029864436,mr and mrs (#8)
4537459115,mr and mrs (#10) | wedding gifts for couple (#8) | wedding gift ideas (#10)
1814287008,celestial wedding (#1) | wedding guest book alternative (#7)
4430546884,celestial wedding (#2)
1495260725,celestial wedding (#3)
4543711276,celestial wedding (#4)
1558825186,celestial wedding (#5)
1710271313,celestial wedding (#6)
4485134386,celestial wedding (#7)
4567360990,celestial wedding (#8)
1327547765,celestial wedding (#9)
4553649648,celestial wedding (#10)
4450941465,valentines wall art (#1) | personalized couple print (#5)
4331954396,valentines wall art (#2)
1399168177,valentines wall art (#3)
4443245872,valentines wall art (#4)
4533207527,valentines wall art (#5)
1640368594,valentines wall art (#6)
4440442771,valentines wall art (#7)
1365428234,valentines wall art (#8)
4436317477,valentines wall art (#9)
1843845270,valentines wall art (#10)
1862250239,zodiac couple wall art (#2)
1570095288,zodiac couple print (#1)
4537355150,zodiac couple print (#2)
1725183400,zodiac compatibility (#1)
4581236734,star sign couple (#1)
1854726007,personalized couple print (#1)
1633297702,personalized couple print (#2)
4535219198,personalized couple print (#3)
4473219792,personalized couple print (#4)
4552597920,personalized couple print (#6)
4443609120,personalized couple print (#7)
984621556,personalized couple print (#8) | wedding gift ideas (#6)
4467508958,personalized couple print (#10)
4492828409,personalised couple print (#2)
1839696604,personalised couple print (#3)
4389578175,personalised couple print (#4)
4437136915,personalised couple print (#5)
4319398875,personalised couple print (#7)
4498658549,personalised couple print (#8)
1424961216,personalised couple print (#9)
4528645596,personalised couple print (#10)
4570202333,zodiac wedding gift (#2)
4391912894,leo and scorpio (#1)
1777332834,leo and scorpio (#2)
1767532698,leo and scorpio (#3) | aries and gemini (#3)
1849989424,scorpio and taurus (#1)
4460137123,scorpio and taurus (#2)
4570420768,scorpio and taurus (#3)
1577500711,scorpio and taurus (#5)
1870708650,scorpio and taurus (#6)
1852715460,scorpio and taurus (#7)
4570224058,scorpio and taurus (#8)
478294560,scorpio and taurus (#9)
1352461871,scorpio and taurus (#10)
4550536201,aries and leo (#2) | aries and leo (#2)
1870034811,aries and leo (#3) | aries and leo (#3)
4570220634,pisces and virgo (#1)
4445527965,pisces and virgo (#2)
1850592740,pisces and virgo (#3)
4530068258,pisces and virgo (#4)
4490016966,pisces and virgo (#6)
760117835,pisces and virgo (#7)
4402694171,pisces and virgo (#8)
4403553031,pisces and virgo (#9)
4507636908,pisces and virgo (#10)
4394741202,aries and gemini (#1)
1779272996,aries and gemini (#2)
4570152820,aries and gemini (#4)
4456246228,aries and cancer (#1)
946608354,aries and cancer (#2)
467045000,aries and cancer (#3)
4442504951,engagement gifts (#5)
4553429724,engagement gifts (#6) | engagement gift ideas (#9)
4470603559,engagement gifts (#10) | engagement gift ideas (#5)
4554919864,wedding dress (#1)
4301471234,wedding dress (#2)
4379793144,wedding dress (#3)
1742659463,wedding dress (#4)
978834074,wedding dress (#5)
4422267412,wedding dress (#6)
522854679,wedding dress (#7)
4559343141,wedding dress (#8)
4525401557,wedding dress (#9)
4551018723,wedding dress (#10)
4340190729,anniversary gift (#5) | anniversary gift for him (#7) | anniversary gifts for him (#3) | anniversary gifts (#6) | anniversary gift for her (#3)
4453959250,anniversary gift (#6) | anniversary gift for him (#6) | anniversary gift for husband (#9) | 5th anniversary gift (#5) | 5 year anniversary gift (#2)
4454846802,wedding decor (#1) | engagement party decor (#2) | wedding accessories (#9)
4490987293,wedding decor (#2) | wedding table decor (#2) | wedding accessories (#3)
4331274126,wedding decor (#4) | wedding favors for guests (#1)
4557328191,wedding decor (#5) | wedding welcome sign (#6) | wedding sign (#3) | wedding signage (#2) | wedding table decor (#10)
4474315312,wedding decor (#6) | wedding guest book alternative (#2)
4522174440,wedding decor (#7)
4481330946,wedding decor (#8) | wedding favors for guests (#5) | wedding accessories (#4)
4547047754,wedding decor (#9) | wedding guest book alternative (#4) | wedding signage (#5)
4438226522,wedding decor (#10) | wedding welcome sign (#8)
4396479011,anniversary gift for him (#4) | anniversary gift for husband (#1)
1049108957,anniversary gift for him (#8) | anniversary gifts for him (#5)
1850579526,anniversary gift for him (#9) | anniversary gift for husband (#5)
4447966586,anniversary gift for him (#10) | anniversary gifts for him (#9)
4359345473,wedding invitations (#1)
4424663433,wedding invitations (#2)
4443307825,wedding invitations (#3)
4528959933,wedding invitations (#4)
4296376031,wedding invitations (#5)
1192990143,wedding invitations (#6)
4560274141,wedding invitations (#7)
4525141128,wedding invitations (#8)
4463467183,wedding invitations (#9)
4379690708,wedding invitations (#10)
4309371045,wedding welcome sign (#1) | wedding sign (#1) | wedding signage (#1)
4480961004,wedding welcome sign (#2) | wedding sign (#6)
4529697787,wedding welcome sign (#3) | wedding sign (#2) | wedding signage (#4)
4312638756,wedding welcome sign (#4)
4541522733,wedding welcome sign (#5) | wedding sign (#9)
4546097458,wedding welcome sign (#7)
4528205610,wedding welcome sign (#9)
4468588966,wedding welcome sign (#10) | wedding sign (#4)
4516268440,anniversary gifts for him (#2) | anniversary gifts (#7)
4498379646,anniversary gifts for him (#6)
875373454,anniversary gifts for him (#10)
4458767425,anniversary card (#1)
1537495325,anniversary card (#2)
1887039750,anniversary card (#3)
4364128959,anniversary card (#4)
4346713016,anniversary card (#5)
4528660240,anniversary card (#6)
4530316632,anniversary card (#7)
4447715136,anniversary card (#8)
4536214485,anniversary card (#9)
4494879747,anniversary card (#10)
1289969565,wedding cake topper (#1)
1498101980,wedding cake topper (#2)
4455486192,wedding cake topper (#3)
4337365214,wedding cake topper (#4)
4481892071,wedding cake topper (#5)
4551986356,wedding cake topper (#6)
259590895,wedding cake topper (#7)
1734263881,wedding cake topper (#8)
4382250273,wedding cake topper (#9)
4482778253,wedding cake topper (#10)
4488934625,wedding sign (#5) | wedding signage (#9)
4444361411,wedding sign (#7)
1859716138,wedding sign (#8)
4482482568,wedding sign (#10)
1651134782,anniversary gifts (#1)
4560739993,anniversary gifts (#3)
4390819945,personalized wedding gift (#1)
1858677786,personalized wedding gift (#3) | wedding gifts for couple (#4) | personalized wedding gifts (#4) | wedding gift ideas (#3) | engagement gift for couple (#5) | engagement gifts for couple (#3) | gifts for couples (#8)
1167562350,personalized wedding gift (#8) | wedding party gift (#4)
1065061910,personalized wedding gift (#9) | personalized wedding gifts (#1) | wedding gift for couple (#1) | wedding keepsake box (#1)
1128749687,personalized wedding gift (#10) | personalized wedding gifts (#10) | wedding gift ideas (#7)
4549517571,wedding keepsake (#2)
4508237962,wedding keepsake (#3) | wedding gift for couple (#6) | couples gift (#3)
4564186110,wedding keepsake (#4)
4565893194,wedding keepsake (#5)
4474409243,wedding keepsake (#6) | wedding gift for couple (#7)
4559895715,wedding keepsake (#7)
4573793209,wedding keepsake (#8)
4555628002,wedding keepsake (#9) | first anniversary gift (#10) | anniversary gift for couple (#9)
4564219310,wedding keepsake (#10) | wedding accessories (#5)
4519626964,wedding gifts for couple (#1)
4560796011,wedding gifts for couple (#3) | custom wedding gift (#1) | couple portrait (#2)
4488746709,wedding anniversary gift (#6) | anniversary gift for her (#4) | 5th anniversary gift (#2) | first anniversary gift (#1)
4394841455,wedding anniversary gift (#9) | wedding anniversary (#6)
4488767999,personalized wedding gifts (#3) | custom couple portrait (#1) | couple portrait (#3)
1082667921,personalized wedding gifts (#5) | wedding gift for couple (#2)
4447671799,personalized wedding gifts (#7) | wedding keepsake box (#8)
832041720,anniversary gift for husband (#3)
1684425943,anniversary gift for husband (#4)
4406989388,wedding anniversary gifts (#2)
4532389918,wedding anniversary gifts (#3) | anniversary gifts for couples (#3)
1116971261,wedding anniversary gifts (#6) | wedding anniversary (#5)
4544334780,wedding anniversary gifts (#10) | cotton anniversary gift (#2) | anniversary gifts for couples (#8) | second anniversary gift (#3)
4560731814,10th anniversary gift (#1) | 5th anniversary gift (#1) | tin anniversary gift (#1)
4528271981,10th anniversary gift (#2) | 10 year anniversary gift (#2)
997086023,10th anniversary gift (#3) | 10 year anniversary gift (#1) | tin anniversary gift (#2)
609852937,10th anniversary gift (#4) | 10 year anniversary gift (#8)
1107301936,10th anniversary gift (#5)
4452625456,10th anniversary gift (#6) | 10 year anniversary gift (#4)
1102047338,10th anniversary gift (#7) | 10 year anniversary gift (#3)
4344427518,10th anniversary gift (#8) | 10 year anniversary gift (#6) | wedding anniversary (#9)
1797787670,10th anniversary gift (#9) | 10 year anniversary gift (#10)
645705233,10th anniversary gift (#10)
4312352013,anniversary gift for her (#1)
1700569943,anniversary gift for her (#6)
4313511136,anniversary gift for her (#9)
651065099,cotton anniversary gift (#1) | second anniversary gift (#2)
1794400661,cotton anniversary gift (#4)
862309123,cotton anniversary gift (#6) | second anniversary gift (#4)
1099228102,cotton anniversary gift (#7)
4542862826,cotton anniversary gift (#8)
4494427437,cotton anniversary gift (#9)
4495123452,cotton anniversary gift (#10)
4476834851,custom wedding gift (#4) | wedding gift for couple (#5)
4545252490,custom wedding gift (#7)
4542952609,custom wedding gift (#9)
4463850747,custom wedding gift (#10)
4306655642,wedding favors for guests (#2) | wedding party gifts (#1)
4398239679,wedding favors for guests (#3) | wedding party gifts (#10) | wedding party gift (#7)
4339935472,wedding favors for guests (#4)
1220952847,wedding favors for guests (#6) | wedding party gifts (#9)
1212886381,wedding favors for guests (#7)
4509630813,wedding favors for guests (#8) | wedding party gift (#10)
1786874415,wedding favors for guests (#9)
4304203930,wedding favors for guests (#10)
1764948555,5th anniversary gift (#3) | 5 year anniversary gift (#1)
705719350,5th anniversary gift (#4) | 5 year anniversary gift (#4)
1804957095,5th anniversary gift (#6) | 5 year anniversary gift (#7)
4492050366,5th anniversary gift (#7)
4549313753,5th anniversary gift (#8) | wedding anniversary (#3)
928164714,5th anniversary gift (#9)
4333938802,5th anniversary gift (#10) | 5 year anniversary gift (#6)
1877278509,wedding guest book alternative (#1)
872807060,wedding guest book alternative (#3)
1559695943,wedding guest book alternative (#5)
4531419893,wedding guest book alternative (#6)
4468663728,wedding guest book alternative (#8)
1741850031,wedding guest book alternative (#9)
918589380,wedding guest book alternative (#10)
4423200732,engagement party decor (#1)
4514252034,engagement party decor (#3)
1864000191,engagement party decor (#4)
1414893510,engagement party decor (#5)
1877735147,engagement party decor (#6)
4437383996,engagement party decor (#7)
4549965743,engagement party decor (#8)
1770244561,engagement party decor (#9)
4357139858,engagement party decor (#10)
1802543895,couple gifts (#1)
1820011434,couple gifts (#6)
4516046557,couple gifts (#8) | couples gift (#5)
4506554447,couple gifts (#10)
4450909742,wedding gift for couple (#4) | engagement gift for couple (#2)
4535591806,wedding gift for couple (#8) | anniversary gift for couple (#3)
1080343741,wedding gift for couple (#9)
4570561846,wedding gift for couple (#10)
4549441956,couples gift (#2)
4395979760,couples gift (#8)
4444739992,couples gift (#9)
4339872069,wedding signage (#3)
4517334376,wedding signage (#6)
1718798713,wedding signage (#7)
4532755314,wedding signage (#8)
4328780245,wedding signage (#10)
4541687304,10 year anniversary gift (#5)
4331645021,10 year anniversary gift (#7)
1800438397,10 year anniversary gift (#9)
4401071758,wedding bouquet (#1)
4401077772,wedding bouquet (#2)
1632237006,wedding bouquet (#3)
4455388092,wedding bouquet (#4)
1730447310,wedding bouquet (#5)
1111365000,wedding bouquet (#6)
4548998407,wedding bouquet (#7)
4539352359,wedding bouquet (#8)
4402116519,wedding bouquet (#9)
1156912797,wedding bouquet (#10)
4348259814,wedding gift ideas (#8)
1729823898,wedding photo album (#1)
1036124311,wedding photo album (#2)
4537606077,wedding photo album (#3)
1883129487,wedding photo album (#4)
4321947849,wedding photo album (#5)
4520695690,wedding photo album (#6)
4496551719,wedding photo album (#7)
1661216072,wedding photo album (#8)
4386225831,wedding photo album (#9)
1742235194,wedding photo album (#10)
4580646394,engagement gift ideas (#3)
1764736764,engagement gift ideas (#4)
1443225705,engagement gift ideas (#10)
4456347360,engagement gift for couple (#9) | engagement gifts for couple (#8)
4493851430,engagement gift for couple (#10)
4468506252,wedding table decor (#1)
4535555282,wedding table decor (#3)
4313695619,wedding table decor (#5)
4466486501,wedding table decor (#6)
4520461195,wedding table decor (#7)
4479531236,wedding table decor (#8)
1656839050,wedding table decor (#9)
4490623314,custom couple portrait (#6) | couple portrait (#9)
4524568829,custom couple portrait (#8)
1878701011,custom couple portrait (#10)
1691478659,wedding keepsake box (#2)
4509009032,wedding keepsake box (#3)
4510291194,wedding keepsake box (#4)
4548582816,wedding keepsake box (#5)
4543560238,wedding keepsake box (#6)
4505881726,wedding keepsake box (#7)
4347177975,wedding keepsake box (#9)
1527344110,wedding keepsake box (#10)
4541732713,couple portrait (#1)
4541852896,couple portrait (#6)
4541734894,couple portrait (#7)
4463477841,couple portrait (#10)
4386234796,tin anniversary gift (#3)
4457091762,tin anniversary gift (#4)
732825870,tin anniversary gift (#5)
4460924796,tin anniversary gift (#6)
4335140919,tin anniversary gift (#7)
4371227803,tin anniversary gift (#8)
4457092830,tin anniversary gift (#9)
4482317968,tin anniversary gift (#10)
4538192020,wedding party gifts (#3) | wedding party gift (#5)
1760266404,wedding party gifts (#4) | wedding accessories (#1)
4355255401,wedding party gifts (#7) | wedding party gift (#8)
4509919324,5 year anniversary gift (#8)
1394730386,5 year anniversary gift (#10)
4518858025,wedding accessories (#2)
4522198442,wedding accessories (#6)
4507776778,wedding accessories (#10)
4585827686,astrology decor (#4)
794524009,astrology decor (#9)
4348378986,first anniversary gift (#7)
4549260082,wedding anniversary (#1)
4416250510,wedding anniversary (#10)
4557274332,anniversary gift for couple (#7)
4384550604,wedding party gift (#9)
4573793609,custom couple gift (#1)
4571096784,custom couple gift (#3)
4559174402,custom couple gift (#4)
4589490160,custom couple gift (#6)
4559189399,custom couple gift (#7)
4575686286,custom couple gift (#8)
4584894603,custom couple gift (#9)
4562710363,custom couple gift (#10)
4549485747,couple keepsake (#1)
4566471848,couple keepsake (#2) | engagement keepsake (#3)
4566488874,couple keepsake (#3)
4567116847,couple keepsake (#4) | engagement keepsake (#5)
4576403708,couple keepsake (#5)
4435402628,couple keepsake (#8)
4577677381,couple keepsake (#9)
4584893768,couple keepsake (#10)
4549525262,engagement keepsake (#1)
4570558963,engagement keepsake (#4)
4570558751,engagement keepsake (#6)
4580782681,engagement keepsake (#7)
4584034480,engagement keepsake (#8)
4439767690,engagement keepsake (#9)
4555651340,engagement keepsake (#10)
4469135841,anniversary gifts for couples (#4)
4542457917,anniversary gifts for couples (#5)
4505494229,anniversary gifts for couples (#6)
4471194710,first wedding anniversary (#1) | second anniversary gift (#1)
4542387822,first wedding anniversary (#3)
1713638109,first wedding anniversary (#8)
4481127809,personalized couple gift (#1)
4538200042,personalized couple gift (#2)
4584199643,personalized couple gift (#3)
4581664781,personalized couple gift (#4)
4578924046,personalized couple gift (#5)
4584922783,personalized couple gift (#6)
4589416030,personalized couple gift (#7)
4585657375,personalized couple gift (#8)
4501928706,personalized couple gift (#9)
4584107829,personalized couple gift (#10)
1777193135,engagement gifts for couple (#5)
1862273577,engagement gifts for couple (#7)
1735481550,engagement gifts for couple (#10)
4488763531,gifts for couples (#2)
4446911978,gifts for couples (#4)
1843036894,gifts for couples (#9)
1065757251,anniversary ornament (#1)
4579546749,anniversary ornament (#2)
4491155034,anniversary ornament (#5)
1837885769,anniversary ornament (#6)
963924694,anniversary ornament (#7)
4536000503,anniversary ornament (#8)
4565765852,anniversary ornament (#9)
4581503021,anniversary ornament (#10)
4556750297,second anniversary gift (#5)
4549177316,second anniversary gift (#6)
4540877655,second anniversary gift (#8)
1449222035,second anniversary gift (#9)
1747576452,second anniversary gift (#10)
