terim,MI arama/30g,MI rekabet,eRank hacim,eRank rekabet,fark oranı,not
zodiac couple print,,,,,,"S001 G1 mevcut ortak etiket (78 ilan); eski MI 20 / 2,6 bin (23 Eyl), DOGRULANMADI"
astrology couple art,,,,,,"S002 G1 mevcut ortak etiket (78 ilan); eski MI 24 / 1,8 bin (6 Agu), DOGRULANMADI"
zodiac wall art,,,,,,"S003 G1 mevcut ortak etiket (78 ilan); eski MI 651 / 77,2 bin (23 Eyl), DOGRULANMADI"
astrology wall art,,,,,,"S004 G1 mevcut ortak etiket (78 ilan); eski MI 543 / 58,2 bin (6 Agu), DOGRULANMADI"
personalized couple,,,,,,S005 G1 mevcut ortak etiket (78 ilan)
custom couple gift,,,,,,"S006 G1 mevcut ortak etiket (78 ilan); eski MI 1,3 bin / 422,6 bin (6 Agu), DOGRULANMADI"
zodiac gift,,,,,,"S007 G1 mevcut ortak etiket (78 ilan); eski MI 2,2 bin / 56,7 bin (6 Agu), DOGRULANMADI"
anniversary gift,,,,,,"S008 G1 mevcut ortak etiket (78 ilan); eski MI 77,5 bin / 1,2 M (6 Agu), DOGRULANMADI"
engagement gift,,,,,,"S009 G1 mevcut ortak etiket (78 ilan); eski MI 43,9 bin / 1,7 M (6 Agu), DOGRULANMADI"
wedding gift couple,,,,,,S010 G1 mevcut ortak etiket (78 ilan)
newlywed gift,,,,,,"S011 G1 mevcut ortak etiket (78 ilan); eski MI 4,5 bin / 95,3 bin (6 Agu), DOGRULANMADI"
giclee print,,,,,,"S012 G1 mevcut ortak etiket (78 ilan); eski MI 969 / 932 bin (23 Eyl), DOGRULANMADI"
personalized couple gift,,,,,,"S013 G2 aday genel terim; eski MI 2,4 bin / 45,5 bin (23 Eyl), DOGRULANMADI"
wedding gift for couple,,,,,,"S014 G2 aday genel terim; eski MI 12,6 bin / 389 bin (6 Agu), DOGRULANMADI"
zodiac poster,,,,,,"S015 G2 aday genel terim; eski MI 197 (6 Agu), DOGRULANMADI"
zodiac print,,,,,,"S016 G2 aday genel terim; eski MI 87 / 65,1 bin (23 Eyl), DOGRULANMADI"
zodiac couple art,,,,,,"S017 G2 aday genel terim; eski MI 11 / 4,2 bin (6 Agu), DOGRULANMADI"
zodiac couple poster,,,,,,"S018 G2 aday genel terim; eski MI 10 / 3,1 bin (6 Agu), DOGRULANMADI"
personalized zodiac couple,,,,,,"S019 G2 aday genel terim; eski MI 6 / 9,7 bin (6 Agu), DOGRULANMADI"
zodiac couple gift,,,,,,"S020 G2 aday genel terim; eski MI 7 / 9,5 bin (6 Agu), DOGRULANMADI"
personalized wall art,,,,,,"S021 G2 aday genel terim; eski MI 4,8 bin / 391,7 bin (23 Eyl), DOGRULANMADI"
personalized couple wall art,,,,,,"S022 G2 aday genel terim; eski MI 31 / 101,7 bin (6 Agu), DOGRULANMADI"
couple names print,,,,,,S023 G2 aday genel terim
astrology gift,,,,,,"S024 G2 aday genel terim; eski MI 750 (6 Agu), DOGRULANMADI"
astrology lover gift,,,,,,"S025 G2 aday genel terim; eski MI 240 (6 Agu), DOGRULANMADI"
framed zodiac print,,,,,,S026 G2 aday genel terim
christmas gift for couple,,,,,,S027 G2 aday genel terim
valentines gift couple,,,,,,S028 G2 aday genel terim
aries gift,,,,,,S029 G5 alici aramasi; etiket adayi (10 kr); tek burc
aries wall art,,,,,,S030 G5 alici aramasi; etiket adayi (14 kr); tek burc
taurus gift,,,,,,S031 G5 alici aramasi; etiket adayi (11 kr); tek burc
taurus wall art,,,,,,S032 G5 alici aramasi; etiket adayi (15 kr); tek burc
gemini gift,,,,,,S033 G5 alici aramasi; etiket adayi (11 kr); tek burc
gemini wall art,,,,,,S034 G5 alici aramasi; etiket adayi (15 kr); tek burc
cancer zodiac gift,,,,,,S035 G5 alici aramasi; etiket adayi (18 kr); tek burc
cancer zodiac art,,,,,,S036 G5 alici aramasi; etiket adayi (17 kr); tek burc
leo gift,,,,,,S037 G5 alici aramasi; etiket adayi (8 kr); tek burc
leo wall art,,,,,,S038 G5 alici aramasi; etiket adayi (12 kr); tek burc
virgo gift,,,,,,S039 G5 alici aramasi; etiket adayi (10 kr); tek burc
virgo wall art,,,,,,S040 G5 alici aramasi; etiket adayi (14 kr); tek burc
libra gift,,,,,,S041 G5 alici aramasi; etiket adayi (10 kr); tek burc
libra wall art,,,,,,S042 G5 alici aramasi; etiket adayi (14 kr); tek burc
scorpio gift,,,,,,S043 G5 alici aramasi; etiket adayi (12 kr); tek burc
scorpio wall art,,,,,,S044 G5 alici aramasi; etiket adayi (16 kr); tek burc
sagittarius gift,,,,,,S045 G5 alici aramasi; etiket adayi (16 kr); tek burc
sagittarius wall art,,,,,,S046 G5 alici aramasi; etiket adayi (20 kr); tek burc
capricorn gift,,,,,,S047 G5 alici aramasi; etiket adayi (14 kr); tek burc
capricorn wall art,,,,,,S048 G5 alici aramasi; etiket adayi (18 kr); tek burc
aquarius gift,,,,,,S049 G5 alici aramasi; etiket adayi (13 kr); tek burc
aquarius wall art,,,,,,S050 G5 alici aramasi; etiket adayi (17 kr); tek burc
pisces gift,,,,,,S051 G5 alici aramasi; etiket adayi (11 kr); tek burc
pisces wall art,,,,,,S052 G5 alici aramasi; etiket adayi (15 kr); tek burc
personalized anniversary gift,,,,,,S053 G5 alici aramasi; etikete uzun (29 kr)
paper anniversary gift,,,,,,S054 G5 alici aramasi; etikete uzun (22 kr)
1st anniversary gift,,,,,,S055 G5 alici aramasi; etiket adayi (20 kr)
gift for boyfriend,,,,,,S056 G5 alici aramasi; etiket adayi (18 kr)
gift for girlfriend,,,,,,S057 G5 alici aramasi; etiket adayi (19 kr)
gift for husband,,,,,,S058 G5 alici aramasi; etiket adayi (16 kr)
gift for wife,,,,,,S059 G5 alici aramasi; etiket adayi (13 kr)
couple wall art,,,,,,S060 G5 alici aramasi; etiket adayi (15 kr)
bedroom wall art couple,,,,,,S061 G5 alici aramasi; etikete uzun (23 kr)
star sign print,,,,,,S062 G5 alici aramasi; etiket adayi (15 kr)
zodiac sign art,,,,,,S063 G5 alici aramasi; etiket adayi (15 kr)
custom couple poster,,,,,,S064 G5 alici aramasi; etiket adayi (20 kr)
zodiac compatibility gift,,,,,,S065 G5 alici aramasi; etikete uzun (25 kr)
aquarius aquarius,,,,,,S066 G3 mevcut cift adi etiketi
aquarius and aries,,,,,,S067 G3 mevcut cift adi etiketi
aquarius and cancer,,,,,,S068 G3 mevcut cift adi etiketi
aquarius capricorn,,,,,,S069 G3 mevcut cift adi etiketi
aquarius and gemini,,,,,,S070 G3 mevcut cift adi etiketi
aquarius and leo,,,,,,S071 G3 mevcut cift adi etiketi
aquarius and libra,,,,,,S072 G3 mevcut cift adi etiketi (SATIS ALAN)
aquarius and pisces,,,,,,S073 G3 mevcut cift adi etiketi
aquarius sagittarius,,,,,,S074 G3 mevcut cift adi etiketi
aquarius and scorpio,,,,,,S075 G3 mevcut cift adi etiketi (SATIS ALAN)
aquarius and taurus,,,,,,S076 G3 mevcut cift adi etiketi
aquarius and virgo,,,,,,S077 G3 mevcut cift adi etiketi
aries and aries,,,,,,S078 G3 mevcut cift adi etiketi
aries and cancer,,,,,,S079 G3 mevcut cift adi etiketi
aries and capricorn,,,,,,S080 G3 mevcut cift adi etiketi
aries and gemini,,,,,,S081 G3 mevcut cift adi etiketi
aries and leo,,,,,,S082 G3 mevcut cift adi etiketi
aries and libra,,,,,,S083 G3 mevcut cift adi etiketi
aries and pisces,,,,,,S084 G3 mevcut cift adi etiketi
aries sagittarius,,,,,,S085 G3 mevcut cift adi etiketi
aries and scorpio,,,,,,S086 G3 mevcut cift adi etiketi
aries and taurus,,,,,,S087 G3 mevcut cift adi etiketi
aries and virgo,,,,,,S088 G3 mevcut cift adi etiketi
cancer and cancer,,,,,,S089 G3 mevcut cift adi etiketi
cancer and capricorn,,,,,,S090 G3 mevcut cift adi etiketi
cancer and gemini,,,,,,S091 G3 mevcut cift adi etiketi
cancer and leo,,,,,,S092 G3 mevcut cift adi etiketi (SATIS ALAN)
cancer and libra,,,,,,"S093 G3 mevcut cift adi etiketi; eski MI 7 / 13,4 bin (Agu); 1 (Eyl), DOGRULANMADI"
cancer and pisces,,,,,,S094 G3 mevcut cift adi etiketi
cancer sagittarius,,,,,,S095 G3 mevcut cift adi etiketi
cancer and scorpio,,,,,,S096 G3 mevcut cift adi etiketi
cancer and taurus,,,,,,S097 G3 mevcut cift adi etiketi
cancer and virgo,,,,,,S098 G3 mevcut cift adi etiketi
capricorn capricorn,,,,,,S099 G3 mevcut cift adi etiketi
capricorn and gemini,,,,,,S100 G3 mevcut cift adi etiketi
capricorn and leo,,,,,,S101 G3 mevcut cift adi etiketi
capricorn and libra,,,,,,S102 G3 mevcut cift adi etiketi
capricorn and pisces,,,,,,S103 G3 mevcut cift adi etiketi
capricorn scorpio,,,,,,S104 G3 mevcut cift adi etiketi
capricorn and taurus,,,,,,S105 G3 mevcut cift adi etiketi
capricorn and virgo,,,,,,S106 G3 mevcut cift adi etiketi
gemini and gemini,,,,,,S107 G3 mevcut cift adi etiketi
gemini and leo,,,,,,S108 G3 mevcut cift adi etiketi
gemini and libra,,,,,,S109 G3 mevcut cift adi etiketi
gemini and pisces,,,,,,S110 G3 mevcut cift adi etiketi
gemini sagittarius,,,,,,S111 G3 mevcut cift adi etiketi
gemini and scorpio,,,,,,S112 G3 mevcut cift adi etiketi
gemini and taurus,,,,,,S113 G3 mevcut cift adi etiketi
gemini and virgo,,,,,,S114 G3 mevcut cift adi etiketi
leo and leo,,,,,,S115 G3 mevcut cift adi etiketi
leo and libra,,,,,,S116 G3 mevcut cift adi etiketi
leo and pisces,,,,,,S117 G3 mevcut cift adi etiketi
leo and sagittarius,,,,,,S118 G3 mevcut cift adi etiketi
leo and scorpio,,,,,,S119 G3 mevcut cift adi etiketi
leo and taurus,,,,,,S120 G3 mevcut cift adi etiketi
leo and virgo,,,,,,S121 G3 mevcut cift adi etiketi
libra and libra,,,,,,S122 G3 mevcut cift adi etiketi
libra and pisces,,,,,,S123 G3 mevcut cift adi etiketi
libra sagittarius,,,,,,S124 G3 mevcut cift adi etiketi
libra and scorpio,,,,,,S125 G3 mevcut cift adi etiketi
libra and taurus,,,,,,S126 G3 mevcut cift adi etiketi
libra and virgo,,,,,,S127 G3 mevcut cift adi etiketi
pisces and pisces,,,,,,S128 G3 mevcut cift adi etiketi
pisces sagittarius,,,,,,S129 G3 mevcut cift adi etiketi
pisces and scorpio,,,,,,S130 G3 mevcut cift adi etiketi
pisces and taurus,,,,,,S131 G3 mevcut cift adi etiketi
pisces and virgo,,,,,,S132 G3 mevcut cift adi etiketi
sagittarius scorpio,,,,,,S133 G3 mevcut cift adi etiketi
sagittarius taurus,,,,,,S134 G3 mevcut cift adi etiketi
sagittarius virgo,,,,,,S135 G3 mevcut cift adi etiketi
scorpio and scorpio,,,,,,S136 G3 mevcut cift adi etiketi
scorpio and taurus,,,,,,S137 G3 mevcut cift adi etiketi
scorpio and virgo,,,,,,S138 G3 mevcut cift adi etiketi
taurus and taurus,,,,,,S139 G3 mevcut cift adi etiketi
taurus and virgo,,,,,,S140 G3 mevcut cift adi etiketi
virgo and virgo,,,,,,S141 G3 mevcut cift adi etiketi
aquarius aries print,,,,,,S142 G4 faz 2 aday cift etiketi (PILOT)
aquarius cancer art,,,,,,S143 G4 faz 2 aday cift etiketi (KONTROL)
aquarius gemini art,,,,,,S144 G4 faz 2 aday cift etiketi (PILOT)
aquarius leo print,,,,,,S145 G4 faz 2 aday cift etiketi (KONTROL)
aquarius libra print,,,,,,S146 G4 faz 2 aday cift etiketi (KONTROL (satis alan))
aquarius pisces art,,,,,,S147 G4 faz 2 aday cift etiketi (PILOT)
aquarius scorpio art,,,,,,S148 G4 faz 2 aday cift etiketi (KONTROL (satis alan))
aquarius taurus art,,,,,,S149 G4 faz 2 aday cift etiketi (KONTROL)
aquarius virgo print,,,,,,S150 G4 faz 2 aday cift etiketi (PILOT)
aries aries print,,,,,,S151 G4 faz 2 aday cift etiketi (KONTROL)
aries cancer print,,,,,,S152 G4 faz 2 aday cift etiketi (PILOT)
aries capricorn art,,,,,,S153 G4 faz 2 aday cift etiketi (KONTROL)
aries gemini print,,,,,,S154 G4 faz 2 aday cift etiketi (PILOT)
aries and leo print,,,,,,S155 G4 faz 2 aday cift etiketi (KONTROL)
aries libra print,,,,,,S156 G4 faz 2 aday cift etiketi (PILOT)
aries pisces print,,,,,,S157 G4 faz 2 aday cift etiketi (KONTROL)
aries scorpio print,,,,,,S158 G4 faz 2 aday cift etiketi (PILOT)
aries taurus print,,,,,,S159 G4 faz 2 aday cift etiketi (KONTROL)
aries virgo print,,,,,,S160 G4 faz 2 aday cift etiketi (PILOT)
cancer cancer print,,,,,,S161 G4 faz 2 aday cift etiketi (KONTROL)
cancer capricorn art,,,,,,S162 G4 faz 2 aday cift etiketi (PILOT)
cancer gemini print,,,,,,S163 G4 faz 2 aday cift etiketi (KONTROL)
cancer and leo print,,,,,,S164 G4 faz 2 aday cift etiketi (KONTROL (satis alan))
cancer libra print,,,,,,S165 G4 faz 2 aday cift etiketi (PILOT)
cancer pisces print,,,,,,S166 G4 faz 2 aday cift etiketi (KONTROL)
cancer scorpio print,,,,,,S167 G4 faz 2 aday cift etiketi (PILOT)
cancer taurus print,,,,,,S168 G4 faz 2 aday cift etiketi (KONTROL)
cancer virgo print,,,,,,S169 G4 faz 2 aday cift etiketi (PILOT)
capricorn gemini art,,,,,,S170 G4 faz 2 aday cift etiketi (KONTROL)
capricorn leo print,,,,,,S171 G4 faz 2 aday cift etiketi (PILOT)
capricorn libra art,,,,,,S172 G4 faz 2 aday cift etiketi (KONTROL)
capricorn pisces art,,,,,,S173 G4 faz 2 aday cift etiketi (PILOT)
capricorn taurus art,,,,,,S174 G4 faz 2 aday cift etiketi (KONTROL)
capricorn virgo art,,,,,,S175 G4 faz 2 aday cift etiketi (PILOT)
gemini gemini print,,,,,,S176 G4 faz 2 aday cift etiketi (KONTROL)
gemini and leo print,,,,,,S177 G4 faz 2 aday cift etiketi (PILOT)
gemini libra print,,,,,,S178 G4 faz 2 aday cift etiketi (KONTROL)
gemini pisces print,,,,,,S179 G4 faz 2 aday cift etiketi (PILOT)
gemini scorpio print,,,,,,S180 G4 faz 2 aday cift etiketi (KONTROL)
gemini taurus print,,,,,,S181 G4 faz 2 aday cift etiketi (PILOT)
gemini virgo print,,,,,,S182 G4 faz 2 aday cift etiketi (KONTROL)
leo and leo print,,,,,,S183 G4 faz 2 aday cift etiketi (PILOT)
leo and libra print,,,,,,S184 G4 faz 2 aday cift etiketi (KONTROL)
leo and pisces print,,,,,,S185 G4 faz 2 aday cift etiketi (PILOT)
leo sagittarius art,,,,,,S186 G4 faz 2 aday cift etiketi (KONTROL)
leo scorpio print,,,,,,S187 G4 faz 2 aday cift etiketi (PILOT)
leo and taurus print,,,,,,S188 G4 faz 2 aday cift etiketi (KONTROL)
leo and virgo print,,,,,,S189 G4 faz 2 aday cift etiketi (PILOT)
libra libra print,,,,,,S190 G4 faz 2 aday cift etiketi (KONTROL)
libra pisces print,,,,,,S191 G4 faz 2 aday cift etiketi (PILOT)
libra scorpio print,,,,,,S192 G4 faz 2 aday cift etiketi (KONTROL)
libra taurus print,,,,,,S193 G4 faz 2 aday cift etiketi (PILOT)
libra virgo print,,,,,,S194 G4 faz 2 aday cift etiketi (KONTROL)
pisces pisces print,,,,,,S195 G4 faz 2 aday cift etiketi (PILOT)
pisces scorpio print,,,,,,S196 G4 faz 2 aday cift etiketi (KONTROL)
pisces taurus print,,,,,,S197 G4 faz 2 aday cift etiketi (PILOT)
pisces virgo print,,,,,,S198 G4 faz 2 aday cift etiketi (KONTROL)
scorpio scorpio art,,,,,,S199 G4 faz 2 aday cift etiketi (PILOT)
scorpio taurus print,,,,,,S200 G4 faz 2 aday cift etiketi (KONTROL)
scorpio virgo print,,,,,,S201 G4 faz 2 aday cift etiketi (PILOT)
taurus taurus print,,,,,,S202 G4 faz 2 aday cift etiketi (KONTROL)
taurus virgo print,,,,,,S203 G4 faz 2 aday cift etiketi (PILOT)
virgo virgo print,,,,,,S204 G4 faz 2 aday cift etiketi (KONTROL)
