no,cift,sol_burc,sol_isim,sag_burc,sag_isim,tagline
1,AQUARIUS_AQUARIUS,Aquarius,OLIVIA,Aquarius,NOAH,"Two Hearts, One Home"
2,AQUARIUS_ARIES,Aquarius,LIAM,Aries,SOPHIA,Our Favorite Adventure
3,AQUARIUS_CANCER,Aquarius,AVA,Cancer,ETHAN,Since the Day We Met
4,AQUARIUS_CAPRICORN,Aquarius,MASON,Capricorn,CHLOE,You Are My Calm
5,AQUARIUS_GEMINI,Aquarius,GRACE,Gemini,LUCAS,Always and Always
6,AQUARIUS_LEO,Aquarius,HENRY,Leo,ELLA,Home Is Wherever You Are
7,AQUARIUS_LIBRA,Aquarius,LILY,Libra,OWEN,My Best Decision
8,AQUARIUS_PISCES,Aquarius,JACK,Pisces,HANNAH,Still Choosing You
9,AQUARIUS_SAGITTARIUS,Aquarius,NORA,Sagittarius,BEN,"Still You, Every Day"
10,AQUARIUS_SCORPIO,Aquarius,SAM,Scorpio,ZOE,Better Together
11,AQUARIUS_TAURUS,Aquarius,ISLA,Taurus,LEON,Our Little Forever
12,AQUARIUS_VIRGO,Aquarius,DANIEL,Virgo,MAYA,"You and Me, Always"
13,ARIES_ARIES,Aries,RUBY,Aries,THEO,The Start of Everything
14,ARIES_CANCER,Aries,ADAM,Cancer,CLARA,My Person
15,ARIES_CAPRICORN,Aries,EVA,Capricorn,MILES,Hand in Hand
16,ARIES_GEMINI,Aries,JULIAN,Gemini,ROSE,Where Our Story Began
17,ARIES_LEO,Aries,ALICE,Leo,FINN,Love at First Laugh
18,ARIES_LIBRA,Aries,OSCAR,Libra,LUNA,Forever Starts Today
19,ARIES_PISCES,Aries,MIA,Pisces,JONAH,You Make It Home
20,ARIES_SAGITTARIUS,Aries,ELI,Sagittarius,STELLA,Side by Side
21,ARIES_SCORPIO,Aries,IVY,Scorpio,CALEB,My Favorite Hello
22,ARIES_TAURUS,Aries,LEVI,Taurus,NAOMI,Only Ever You
23,ARIES_VIRGO,Aries,AMELIA,Virgo,RYAN,Our Happily Ever After
24,CANCER_CANCER,Cancer,ARIA,Cancer,DYLAN,"Yours, Always"
25,CANCER_CAPRICORN,Cancer,NATHAN,Capricorn,LUCY,"Two Paths, One Way"
26,CANCER_GEMINI,Cancer,VIOLET,Gemini,ADRIAN,Meant to Be
27,CANCER_LEO,Cancer,PAUL,Leo,HAZEL,A Love Worth Waiting For
28,CANCER_LIBRA,Cancer,EMILY,Libra,JAMES,It Began With a Kiss in the Rain
29,CANCER_PISCES,Cancer,MARCUS,Pisces,JADE,"With You, Always"
30,CANCER_SAGITTARIUS,Cancer,ELENA,Sagittarius,LOGAN,Our Forever Song
31,CANCER_SCORPIO,Cancer,CARTER,Scorpio,SIENNA,The Best Is Ahead of Us
32,CANCER_TAURUS,Cancer,FREYA,Taurus,SIMON,Love Found Us
33,CANCER_VIRGO,Cancer,AARON,Virgo,BELLA,Together Is My Favorite
34,CAPRICORN_CAPRICORN,Capricorn,CORA,Capricorn,MICAH,Every Moment With You
35,CAPRICORN_GEMINI,Capricorn,ROWAN,Gemini,ELISE,Two of a Kind
36,CAPRICORN_LEO,Capricorn,SARAH,Leo,TYLER,My Heart Is Yours
37,CAPRICORN_LIBRA,Capricorn,DEAN,Libra,FIONA,"Our Story, Our Way"
38,CAPRICORN_PISCES,Capricorn,PIPER,Pisces,COLE,Still My Favorite
39,CAPRICORN_SAGITTARIUS,Capricorn,GAVIN,Sagittarius,AUDREY,Love You More
40,CAPRICORN_SCORPIO,Capricorn,ANNA,Scorpio,LUKE,The Two of Us
41,CAPRICORN_TAURUS,Capricorn,REID,Taurus,MAISIE,Our Kind of Magic
42,CAPRICORN_VIRGO,Capricorn,ESME,Virgo,CHASE,Always My Home
43,GEMINI_GEMINI,Gemini,ALEX,Gemini,JUNE,"Love, Laughter, Us"
44,GEMINI_LEO,Gemini,NINA,Leo,MAX,A Little Love Story
45,GEMINI_LIBRA,Gemini,BLAKE,Libra,CLAIRE,You Light Up My Days
46,GEMINI_PISCES,Gemini,JULIA,Pisces,TOBY,Forever and a Day
47,GEMINI_SAGITTARIUS,Gemini,KAI,Sagittarius,LEAH,From Hello to Forever
48,GEMINI_SCORPIO,Gemini,SADIE,Scorpio,ROMAN,Our Beautiful Mess
49,GEMINI_TAURUS,Gemini,ELLIOT,Taurus,GEMMA,My Always
50,GEMINI_VIRGO,Gemini,TESSA,Virgo,HUGO,Hearts in Harmony
51,LEO_LEO,Leo,GRANT,Leo,MOLLY,"To Us, Always"
52,LEO_LIBRA,Leo,POPPY,Libra,WYATT,"Different Signs, One Heart"
53,LEO_PISCES,Leo,SETH,Pisces,IRIS,"Where You Go, I Go"
54,LEO_SAGITTARIUS,Leo,MAEVE,Sagittarius,JASPER,Partners in Everything
55,LEO_SCORPIO,Leo,CONNOR,Scorpio,EDEN,Our Greatest Adventure
56,LEO_TAURUS,Leo,LAILA,Taurus,BRODY,Love Grows Here
57,LEO_VIRGO,Leo,FELIX,Virgo,AMBER,"Two Souls, One Story"
58,LIBRA_LIBRA,Libra,MARA,Libra,DEREK,Ever Since That Night
59,LIBRA_PISCES,Libra,QUINN,Pisces,PETER,My Forever Favorite
60,LIBRA_SAGITTARIUS,Libra,HOLLY,Sagittarius,SEAN,Simply Us
61,LIBRA_SCORPIO,Libra,BRYCE,Scorpio,KATE,"Coffee, Rain and You"
62,LIBRA_TAURUS,Libra,VERA,Taurus,IAN,Every Step Together
63,LIBRA_VIRGO,Libra,JESSE,Virgo,PAIGE,Here's to Us
64,PISCES_PISCES,Pisces,DAISY,Pisces,WESLEY,"I Choose You, Always"
65,PISCES_SAGITTARIUS,Pisces,CAMILA,Sagittarius,DREW,The Love of My Life
66,PISCES_SCORPIO,Pisces,ANDRE,Scorpio,LYDIA,Brave Together
67,PISCES_TAURUS,Pisces,SKYE,Taurus,MARTIN,Our Quiet Forever
68,PISCES_VIRGO,Pisces,NOEL,Virgo,HARPER,Love in Every Season
69,SAGITTARIUS_SAGITTARIUS,Sagittarius,WILLOW,Sagittarius,EVAN,Sweet Little Forever
70,SAGITTARIUS_SCORPIO,Sagittarius,LANCE,Scorpio,NATALIE,You Feel Like Home
71,SAGITTARIUS_TAURUS,Sagittarius,BRIANNA,Taurus,COLIN,It Was Always You
72,SAGITTARIUS_VIRGO,Sagittarius,SHANE,Virgo,OLIVE,Two Hearts in Tune
73,SCORPIO_SCORPIO,Scorpio,MEGAN,Scorpio,RHYS,"Our Love, Our Rules"
74,SCORPIO_TAURUS,Scorpio,GRETA,Taurus,ARCHIE,Made for Each Other
75,SCORPIO_VIRGO,Scorpio,VICTOR,Virgo,ELLIE,My Safe Place
76,TAURUS_TAURUS,Taurus,SELENA,Taurus,JORDAN,Still Falling for You
77,TAURUS_VIRGO,Taurus,KATIE,Virgo,FRANK,"One Life, Together"
78,VIRGO_VIRGO,Virgo,MATTEO,Virgo,ROSALIE,Written by Us
