sira,sezon_grubu,cift,listing_id,link
1,Libra,CANCER_LIBRA,4570143815,https://www.etsy.com/listing/4570143815
2,Libra,AQUARIUS_LIBRA,4570113157,https://www.etsy.com/listing/4570113157
3,Libra,ARIES_LIBRA,4570153208,https://www.etsy.com/listing/4570153208
4,Libra,CAPRICORN_LIBRA,4570163164,https://www.etsy.com/listing/4570163164
5,Libra,GEMINI_LIBRA,4570152561,https://www.etsy.com/listing/4570152561
6,Libra,LEO_LIBRA,4570198669,https://www.etsy.com/listing/4570198669
7,Libra,LIBRA_LIBRA,4570201313,https://www.etsy.com/listing/4570201313
8,Libra,LIBRA_PISCES,4570216030,https://www.etsy.com/listing/4570216030
9,Libra,LIBRA_SAGITTARIUS,4570202333,https://www.etsy.com/listing/4570202333
10,Libra,LIBRA_SCORPIO,4570202793,https://www.etsy.com/listing/4570202793
11,Libra,LIBRA_TAURUS,4570203229,https://www.etsy.com/listing/4570203229
12,Libra,LIBRA_VIRGO,4570203731,https://www.etsy.com/listing/4570203731
13,Scorpio,AQUARIUS_SCORPIO,4570114301,https://www.etsy.com/listing/4570114301
14,Scorpio,ARIES_SCORPIO,4570139913,https://www.etsy.com/listing/4570139913
15,Scorpio,CANCER_SCORPIO,4570145103,https://www.etsy.com/listing/4570145103
16,Scorpio,CAPRICORN_SCORPIO,4570149603,https://www.etsy.com/listing/4570149603
17,Scorpio,GEMINI_SCORPIO,4570154049,https://www.etsy.com/listing/4570154049
18,Scorpio,LEO_SCORPIO,4570214304,https://www.etsy.com/listing/4570214304
19,Scorpio,PISCES_SCORPIO,4570205473,https://www.etsy.com/listing/4570205473
20,Scorpio,SAGITTARIUS_SCORPIO,4570221662,https://www.etsy.com/listing/4570221662
21,Scorpio,SCORPIO_SCORPIO,4570209015,https://www.etsy.com/listing/4570209015
22,Scorpio,SCORPIO_TAURUS,4570224058,https://www.etsy.com/listing/4570224058
23,Scorpio,SCORPIO_VIRGO,4570210411,https://www.etsy.com/listing/4570210411
24,Sagittarius,AQUARIUS_SAGITTARIUS,4570128546,https://www.etsy.com/listing/4570128546
25,Sagittarius,ARIES_SAGITTARIUS,4570154042,https://www.etsy.com/listing/4570154042
26,Sagittarius,CANCER_SAGITTARIUS,4570144663,https://www.etsy.com/listing/4570144663
27,Sagittarius,CAPRICORN_SAGITTARIUS,4570163968,https://www.etsy.com/listing/4570163968
28,Sagittarius,GEMINI_SAGITTARIUS,4570153495,https://www.etsy.com/listing/4570153495
29,Sagittarius,LEO_SAGITTARIUS,4570199509,https://www.etsy.com/listing/4570199509
30,Sagittarius,PISCES_SAGITTARIUS,4570204681,https://www.etsy.com/listing/4570204681
31,Sagittarius,SAGITTARIUS_SAGITTARIUS,4570206865,https://www.etsy.com/listing/4570206865
32,Sagittarius,SAGITTARIUS_TAURUS,4570207855,https://www.etsy.com/listing/4570207855
33,Sagittarius,SAGITTARIUS_VIRGO,4570208321,https://www.etsy.com/listing/4570208321
34,Capricorn,AQUARIUS_CAPRICORN,4570126104,https://www.etsy.com/listing/4570126104
35,Capricorn,ARIES_CAPRICORN,4570152410,https://www.etsy.com/listing/4570152410
36,Capricorn,CANCER_CAPRICORN,4570157258,https://www.etsy.com/listing/4570157258
37,Capricorn,CAPRICORN_CAPRICORN,4570161266,https://www.etsy.com/listing/4570161266
38,Capricorn,CAPRICORN_GEMINI,4570147149,https://www.etsy.com/listing/4570147149
39,Capricorn,CAPRICORN_LEO,4570162562,https://www.etsy.com/listing/4570162562
40,Capricorn,CAPRICORN_PISCES,4570148769,https://www.etsy.com/listing/4570148769
41,Capricorn,CAPRICORN_TAURUS,4570164962,https://www.etsy.com/listing/4570164962
42,Capricorn,CAPRICORN_VIRGO,4570165628,https://www.etsy.com/listing/4570165628
43,Aquarius,AQUARIUS_AQUARIUS,4570110121,https://www.etsy.com/listing/4570110121
44,Aquarius,AQUARIUS_ARIES,4570110641,https://www.etsy.com/listing/4570110641
45,Aquarius,AQUARIUS_CANCER,4570125580,https://www.etsy.com/listing/4570125580
46,Aquarius,AQUARIUS_GEMINI,4570112095,https://www.etsy.com/listing/4570112095
47,Aquarius,AQUARIUS_LEO,4570127160,https://www.etsy.com/listing/4570127160
48,Aquarius,AQUARIUS_PISCES,4570113675,https://www.etsy.com/listing/4570113675
49,Aquarius,AQUARIUS_TAURUS,4570150148,https://www.etsy.com/listing/4570150148
50,Aquarius,AQUARIUS_VIRGO,4570136319,https://www.etsy.com/listing/4570136319
51,Pisces,ARIES_PISCES,4570138967,https://www.etsy.com/listing/4570138967
52,Pisces,CANCER_PISCES,4570144239,https://www.etsy.com/listing/4570144239
53,Pisces,GEMINI_PISCES,4570153015,https://www.etsy.com/listing/4570153015
54,Pisces,LEO_PISCES,4570199091,https://www.etsy.com/listing/4570199091
55,Pisces,PISCES_PISCES,4570204167,https://www.etsy.com/listing/4570204167
56,Pisces,PISCES_TAURUS,4570205899,https://www.etsy.com/listing/4570205899
57,Pisces,PISCES_VIRGO,4570220634,https://www.etsy.com/listing/4570220634
58,Aries,ARIES_ARIES,4570151370,https://www.etsy.com/listing/4570151370
59,Aries,ARIES_CANCER,4570151950,https://www.etsy.com/listing/4570151950
60,Aries,ARIES_GEMINI,4570152820,https://www.etsy.com/listing/4570152820
61,Aries,ARIES_LEO,4570031205,https://www.etsy.com/listing/4570031205
62,Aries,ARIES_TAURUS,4570140539,https://www.etsy.com/listing/4570140539
63,Aries,ARIES_VIRGO,4570155846,https://www.etsy.com/listing/4570155846
64,Taurus,CANCER_TAURUS,4570160260,https://www.etsy.com/listing/4570160260
65,Taurus,GEMINI_TAURUS,4570169354,https://www.etsy.com/listing/4570169354
66,Taurus,LEO_TAURUS,4570214784,https://www.etsy.com/listing/4570214784
67,Taurus,TAURUS_TAURUS,4570225672,https://www.etsy.com/listing/4570225672
68,Taurus,TAURUS_VIRGO,4570226386,https://www.etsy.com/listing/4570226386
69,Gemini,CANCER_GEMINI,4570157716,https://www.etsy.com/listing/4570157716
70,Gemini,GEMINI_GEMINI,4570166282,https://www.etsy.com/listing/4570166282
71,Gemini,GEMINI_LEO,4570152121,https://www.etsy.com/listing/4570152121
72,Gemini,GEMINI_VIRGO,4570155327,https://www.etsy.com/listing/4570155327
73,Cancer,CANCER_CANCER,4570141945,https://www.etsy.com/listing/4570141945
74,Cancer,CANCER_LEO,4570143387,https://www.etsy.com/listing/4570143387
75,Cancer,CANCER_VIRGO,4570160676,https://www.etsy.com/listing/4570160676
76,Leo,LEO_LEO,4570155945,https://www.etsy.com/listing/4570155945
77,Leo,LEO_VIRGO,4570200893,https://www.etsy.com/listing/4570200893
78,Virgo,VIRGO_VIRGO,4570227104,https://www.etsy.com/listing/4570227104
