sira,metin
1,Personalized Cancer and Libra zodiac couple wall art in an antique gold frame
2,"Choose a digital file, an art print or a framed print of the couple design"
3,"Two zodiac signs united in one shared symbol, an original AstroLove design"
4,Personalized with two names and your own short message under the signs
5,"Five color options, the digital file includes all five colors"
6,Zodiac couple poster in an antique gold frame as an anniversary or wedding gift
7,"Four classic frame finishes: antique gold, black, white and natural oak effect"
8,"Size guide with 13 print sizes grouped by ratio, from 8 x 10 to 24 x 36 inches"
9,Champagne Ivory print with an antique gold frame in a calm bedroom
10,Deep Black print with a black frame above a desk
11,Pure White print with a natural oak effect frame in a dining room
12,Close up of the printed gold detail on the zodiac couple design
13,"Fine art paper detail, 100 percent cotton, matte finish"
14,"Order process: preview, approval, made to order printing and tracked delivery"
15,Midnight Blue color option of the personalized zodiac couple poster
16,Deep Black color option of the personalized zodiac couple poster
17,Pure White color option of the personalized zodiac couple poster
18,Champagne Ivory color option of the personalized zodiac couple poster
19,Warm Parchment color option of the personalized zodiac couple poster
