listing_id,cift,a,b
4570110121,AQUARIUS_AQUARIUS,Aquarius,Aquarius
4570110641,AQUARIUS_ARIES,Aquarius,Aries
4570125580,AQUARIUS_CANCER,Aquarius,Cancer
4570126104,AQUARIUS_CAPRICORN,Aquarius,Capricorn
4570112095,AQUARIUS_GEMINI,Aquarius,Gemini
4570127160,AQUARIUS_LEO,Aquarius,Leo
4570113157,AQUARIUS_LIBRA,Aquarius,Libra
4570113675,AQUARIUS_PISCES,Aquarius,Pisces
4570128546,AQUARIUS_SAGITTARIUS,Aquarius,Sagittarius
4570114301,AQUARIUS_SCORPIO,Aquarius,Scorpio
4570150148,AQUARIUS_TAURUS,Aquarius,Taurus
4570136319,AQUARIUS_VIRGO,Aquarius,Virgo
4570151370,ARIES_ARIES,Aries,Aries
4570151950,ARIES_CANCER,Aries,Cancer
4570152410,ARIES_CAPRICORN,Aries,Capricorn
4570152820,ARIES_GEMINI,Aries,Gemini
4570031205,ARIES_LEO,Aries,Leo
4570153208,ARIES_LIBRA,Aries,Libra
4570138967,ARIES_PISCES,Aries,Pisces
4570154042,ARIES_SAGITTARIUS,Aries,Sagittarius
4570139913,ARIES_SCORPIO,Aries,Scorpio
4570140539,ARIES_TAURUS,Aries,Taurus
4570155846,ARIES_VIRGO,Aries,Virgo
4570141945,CANCER_CANCER,Cancer,Cancer
4570157258,CANCER_CAPRICORN,Cancer,Capricorn
4570157716,CANCER_GEMINI,Cancer,Gemini
4570143387,CANCER_LEO,Cancer,Leo
4570143815,CANCER_LIBRA,Cancer,Libra
4570144239,CANCER_PISCES,Cancer,Pisces
4570144663,CANCER_SAGITTARIUS,Cancer,Sagittarius
4570145103,CANCER_SCORPIO,Cancer,Scorpio
4570160260,CANCER_TAURUS,Cancer,Taurus
4570160676,CANCER_VIRGO,Cancer,Virgo
4570161266,CAPRICORN_CAPRICORN,Capricorn,Capricorn
4570147149,CAPRICORN_GEMINI,Capricorn,Gemini
4570162562,CAPRICORN_LEO,Capricorn,Leo
4570163164,CAPRICORN_LIBRA,Capricorn,Libra
4570148769,CAPRICORN_PISCES,Capricorn,Pisces
4570163968,CAPRICORN_SAGITTARIUS,Capricorn,Sagittarius
4570149603,CAPRICORN_SCORPIO,Capricorn,Scorpio
4570164962,CAPRICORN_TAURUS,Capricorn,Taurus
4570165628,CAPRICORN_VIRGO,Capricorn,Virgo
4570166282,GEMINI_GEMINI,Gemini,Gemini
4570152121,GEMINI_LEO,Gemini,Leo
4570152561,GEMINI_LIBRA,Gemini,Libra
4570153015,GEMINI_PISCES,Gemini,Pisces
4570153495,GEMINI_SAGITTARIUS,Gemini,Sagittarius
4570154049,GEMINI_SCORPIO,Gemini,Scorpio
4570169354,GEMINI_TAURUS,Gemini,Taurus
4570155327,GEMINI_VIRGO,Gemini,Virgo
4570155945,LEO_LEO,Leo,Leo
4570198669,LEO_LIBRA,Leo,Libra
4570199091,LEO_PISCES,Leo,Pisces
4570199509,LEO_SAGITTARIUS,Leo,Sagittarius
4570214304,LEO_SCORPIO,Leo,Scorpio
4570214784,LEO_TAURUS,Leo,Taurus
4570200893,LEO_VIRGO,Leo,Virgo
4570201313,LIBRA_LIBRA,Libra,Libra
4570216030,LIBRA_PISCES,Libra,Pisces
4570202333,LIBRA_SAGITTARIUS,Libra,Sagittarius
4570202793,LIBRA_SCORPIO,Libra,Scorpio
4570203229,LIBRA_TAURUS,Libra,Taurus
4570203731,LIBRA_VIRGO,Libra,Virgo
4570204167,PISCES_PISCES,Pisces,Pisces
4570204681,PISCES_SAGITTARIUS,Pisces,Sagittarius
4570205473,PISCES_SCORPIO,Pisces,Scorpio
4570205899,PISCES_TAURUS,Pisces,Taurus
4570220634,PISCES_VIRGO,Pisces,Virgo
4570206865,SAGITTARIUS_SAGITTARIUS,Sagittarius,Sagittarius
4570221662,SAGITTARIUS_SCORPIO,Sagittarius,Scorpio
4570207855,SAGITTARIUS_TAURUS,Sagittarius,Taurus
4570208321,SAGITTARIUS_VIRGO,Sagittarius,Virgo
4570209015,SCORPIO_SCORPIO,Scorpio,Scorpio
4570224058,SCORPIO_TAURUS,Scorpio,Taurus
4570210411,SCORPIO_VIRGO,Scorpio,Virgo
4570225672,TAURUS_TAURUS,Taurus,Taurus
4570226386,TAURUS_VIRGO,Taurus,Virgo
4570227104,VIRGO_VIRGO,Virgo,Virgo
