boy,cerceve,prodigi_sku,attr_color,attr_ek_json
8x10,BK,GLOBAL-CFP-8x10,black,{}
8x10,WH,GLOBAL-CFP-8x10,white,{}
8x10,NA,GLOBAL-CFP-8x10,natural,{}
A4,BK,GLOBAL-CFP-A4,black,{}
A4,WH,GLOBAL-CFP-A4,white,{}
A4,NA,GLOBAL-CFP-A4,natural,{}
11x14,BK,GLOBAL-CFP-11x14,black,{}
11x14,WH,GLOBAL-CFP-11x14,white,{}
11x14,NA,GLOBAL-CFP-11x14,natural,{}
12x16,BK,GLOBAL-CFP-12x16,black,{}
12x16,WH,GLOBAL-CFP-12x16,white,{}
12x16,NA,GLOBAL-CFP-12x16,natural,{}
A3,BK,GLOBAL-CFP-A3,black,{}
A3,WH,GLOBAL-CFP-A3,white,{}
A3,NA,GLOBAL-CFP-A3,natural,{}
12x18,BK,GLOBAL-CFP-12x18,black,{}
12x18,WH,GLOBAL-CFP-12x18,white,{}
12x18,NA,GLOBAL-CFP-12x18,natural,{}
16x20,BK,GLOBAL-CFP-16x20,black,{}
16x20,WH,GLOBAL-CFP-16x20,white,{}
16x20,NA,GLOBAL-CFP-16x20,natural,{}
16x24,BK,GLOBAL-CFP-16x24,black,{}
16x24,WH,GLOBAL-CFP-16x24,white,{}
16x24,NA,GLOBAL-CFP-16x24,natural,{}
A2,BK,GLOBAL-CFP-A2,black,{}
A2,WH,GLOBAL-CFP-A2,white,{}
A2,NA,GLOBAL-CFP-A2,natural,{}
18x24,BK,GLOBAL-CFP-18x24,black,{}
18x24,WH,GLOBAL-CFP-18x24,white,{}
18x24,NA,GLOBAL-CFP-18x24,natural,{}
20x30,BK,GLOBAL-CFP-20x30,black,{}
20x30,WH,GLOBAL-CFP-20x30,white,{}
20x30,NA,GLOBAL-CFP-20x30,natural,{}
24x30,BK,GLOBAL-CFP-24x30,black,{}
24x30,WH,GLOBAL-CFP-24x30,white,{}
24x30,NA,GLOBAL-CFP-24x30,natural,{}
A1,BK,GLOBAL-CFP-A1,black,{}
A1,WH,GLOBAL-CFP-A1,white,{}
A1,NA,GLOBAL-CFP-A1,natural,{}
24x32,BK,GLOBAL-CFP-24x32,black,{}
24x32,WH,GLOBAL-CFP-24x32,white,{}
24x32,NA,GLOBAL-CFP-24x32,natural,{}
24x36,BK,GLOBAL-CFP-24x36,black,{}
24x36,WH,GLOBAL-CFP-24x36,white,{}
24x36,NA,GLOBAL-CFP-24x36,natural,{}
30x40,BK,GLOBAL-CFP-30x40,black,{}
30x40,WH,GLOBAL-CFP-30x40,white,{}
30x40,NA,GLOBAL-CFP-30x40,natural,{}
