listing_id,cift,satis_alan,mevcut_baslik,onerilen_baslik,mevcut_ilk40,onerilen_ilk40,kelime_gruplari_MI
4570110121,AQUARIUS_AQUARIUS,,Aquarius and Aquarius Personalized Zodiac Couple Wall Art,"Aquarius and Aquarius Couple Wall Art, Personalized Zodiac Print with Names",Aquarius and Aquarius Personalized Zodia,"Aquarius and Aquarius Couple Wall Art, P",aquarius and aquarius [S066: yok] | couple wall art [S060: 1.1k / 226.8k] | zodiac print [S016: 108 / 70.5k] | names: couple names print [S023: 1 / 40.7k]
4570110641,AQUARIUS_ARIES,,Aquarius and Aries Personalized Zodiac Couple Wall Art,"Aquarius and Aries Couple Wall Art, Personalized Zodiac Print with Names",Aquarius and Aries Personalized Zodiac C,"Aquarius and Aries Couple Wall Art, Pers",aquarius and aries [S067: 8] | couple wall art [S060: 1.1k / 226.8k] | zodiac print [S016: 108 / 70.5k] | names: couple names print [S023: 1 / 40.7k]
4570125580,AQUARIUS_CANCER,,Aquarius and Cancer Personalized Zodiac Couple Wall Art,"Aquarius and Cancer Couple Wall Art, Personalized Zodiac Print with Names",Aquarius and Cancer Personalized Zodiac ,"Aquarius and Cancer Couple Wall Art, Per",aquarius and cancer [S068: 3] | couple wall art [S060: 1.1k / 226.8k] | zodiac print [S016: 108 / 70.5k] | names: couple names print [S023: 1 / 40.7k]
4570126104,AQUARIUS_CAPRICORN,,Aquarius and Capricorn Personalized Zodiac Couple Wall Art,"Aquarius and Capricorn Couple Wall Art, Personalized Zodiac Print with Names",Aquarius and Capricorn Personalized Zodi,"Aquarius and Capricorn Couple Wall Art, ",aquarius and capricorn [S069: yok] | couple wall art [S060: 1.1k / 226.8k] | zodiac print [S016: 108 / 70.5k] | names: couple names print [S023: 1 / 40.7k]
4570112095,AQUARIUS_GEMINI,,Aquarius and Gemini Personalized Zodiac Couple Wall Art,"Aquarius and Gemini Couple Wall Art, Personalized Zodiac Print with Names",Aquarius and Gemini Personalized Zodiac ,"Aquarius and Gemini Couple Wall Art, Per",aquarius and gemini [S070: 2] | couple wall art [S060: 1.1k / 226.8k] | zodiac print [S016: 108 / 70.5k] | names: couple names print [S023: 1 / 40.7k]
4570127160,AQUARIUS_LEO,,Aquarius and Leo Personalized Zodiac Couple Wall Art,"Aquarius and Leo Couple Wall Art, Personalized Zodiac Print with Names",Aquarius and Leo Personalized Zodiac Cou,"Aquarius and Leo Couple Wall Art, Person",aquarius and leo [S071: 3] | couple wall art [S060: 1.1k / 226.8k] | zodiac print [S016: 108 / 70.5k] | names: couple names print [S023: 1 / 40.7k]
4570113157,AQUARIUS_LIBRA,"EVET: kontrol, degismez",Aquarius and Libra Personalized Zodiac Couple Wall Art,"Aquarius and Libra Couple Wall Art, Personalized Zodiac Print with Names",Aquarius and Libra Personalized Zodiac C,"Aquarius and Libra Couple Wall Art, Pers",aquarius and libra [S072: 9] | couple wall art [S060: 1.1k / 226.8k] | zodiac print [S016: 108 / 70.5k] | names: couple names print [S023: 1 / 40.7k]
4570113675,AQUARIUS_PISCES,,Aquarius and Pisces Personalized Zodiac Couple Wall Art,"Aquarius and Pisces Couple Wall Art, Personalized Zodiac Print with Names",Aquarius and Pisces Personalized Zodiac ,"Aquarius and Pisces Couple Wall Art, Per",aquarius and pisces [S073: 5] | couple wall art [S060: 1.1k / 226.8k] | zodiac print [S016: 108 / 70.5k] | names: couple names print [S023: 1 / 40.7k]
4570128546,AQUARIUS_SAGITTARIUS,,Aquarius and Sagittarius Personalized Zodiac Couple Wall Art,"Aquarius and Sagittarius Couple Wall Art, Personalized Zodiac Print with Names",Aquarius and Sagittarius Personalized Zo,Aquarius and Sagittarius Couple Wall Art,aquarius and sagittarius [S074: yok] | couple wall art [S060: 1.1k / 226.8k] | zodiac print [S016: 108 / 70.5k] | names: couple names print [S023: 1 / 40.7k]
4570114301,AQUARIUS_SCORPIO,"EVET: kontrol, degismez",Aquarius and Scorpio Personalized Zodiac Couple Wall Art,"Aquarius and Scorpio Couple Wall Art, Personalized Zodiac Print with Names",Aquarius and Scorpio Personalized Zodiac,"Aquarius and Scorpio Couple Wall Art, Pe",aquarius and scorpio [S075: 4] | couple wall art [S060: 1.1k / 226.8k] | zodiac print [S016: 108 / 70.5k] | names: couple names print [S023: 1 / 40.7k]
4570150148,AQUARIUS_TAURUS,,Aquarius and Taurus Personalized Zodiac Couple Wall Art,"Aquarius and Taurus Couple Wall Art, Personalized Zodiac Print with Names",Aquarius and Taurus Personalized Zodiac ,"Aquarius and Taurus Couple Wall Art, Per",aquarius and taurus [S076: 3] | couple wall art [S060: 1.1k / 226.8k] | zodiac print [S016: 108 / 70.5k] | names: couple names print [S023: 1 / 40.7k]
4570136319,AQUARIUS_VIRGO,,Aquarius and Virgo Personalized Zodiac Couple Wall Art,"Aquarius and Virgo Couple Wall Art, Personalized Zodiac Print with Names",Aquarius and Virgo Personalized Zodiac C,"Aquarius and Virgo Couple Wall Art, Pers",aquarius and virgo [S077: yok] | couple wall art [S060: 1.1k / 226.8k] | zodiac print [S016: 108 / 70.5k] | names: couple names print [S023: 1 / 40.7k]
4570151370,ARIES_ARIES,,Aries and Aries Personalized Zodiac Couple Wall Art,"Aries and Aries Couple Wall Art, Personalized Zodiac Print with Names",Aries and Aries Personalized Zodiac Coup,"Aries and Aries Couple Wall Art, Persona",aries and aries [S078: yok] | couple wall art [S060: 1.1k / 226.8k] | zodiac print [S016: 108 / 70.5k] | names: couple names print [S023: 1 / 40.7k]
4570151950,ARIES_CANCER,,Aries and Cancer Personalized Zodiac Couple Wall Art,"Aries and Cancer Couple Wall Art, Personalized Zodiac Print with Names",Aries and Cancer Personalized Zodiac Cou,"Aries and Cancer Couple Wall Art, Person",aries and cancer [S079: 7] | couple wall art [S060: 1.1k / 226.8k] | zodiac print [S016: 108 / 70.5k] | names: couple names print [S023: 1 / 40.7k]
4570152410,ARIES_CAPRICORN,,Aries and Capricorn Personalized Zodiac Couple Wall Art,"Aries and Capricorn Couple Wall Art, Personalized Zodiac Print with Names",Aries and Capricorn Personalized Zodiac ,"Aries and Capricorn Couple Wall Art, Per",aries and capricorn [S080: 3] | couple wall art [S060: 1.1k / 226.8k] | zodiac print [S016: 108 / 70.5k] | names: couple names print [S023: 1 / 40.7k]
4570152820,ARIES_GEMINI,,Aries and Gemini Personalized Zodiac Couple Wall Art,"Aries and Gemini Couple Wall Art, Personalized Zodiac Print with Names",Aries and Gemini Personalized Zodiac Cou,"Aries and Gemini Couple Wall Art, Person",aries and gemini [S081: 4] | couple wall art [S060: 1.1k / 226.8k] | zodiac print [S016: 108 / 70.5k] | names: couple names print [S023: 1 / 40.7k]
4570031205,ARIES_LEO,,Aries and Leo Personalized Zodiac Couple Wall Art,"Aries and Leo Couple Wall Art, Personalized Zodiac Print with Names",Aries and Leo Personalized Zodiac Couple,"Aries and Leo Couple Wall Art, Personali",aries and leo [S082: 19] | couple wall art [S060: 1.1k / 226.8k] | zodiac print [S016: 108 / 70.5k] | names: couple names print [S023: 1 / 40.7k]
4570153208,ARIES_LIBRA,,Aries and Libra Personalized Zodiac Couple Wall Art,"Aries and Libra Couple Wall Art, Personalized Zodiac Print with Names",Aries and Libra Personalized Zodiac Coup,"Aries and Libra Couple Wall Art, Persona",aries and libra [S083: 19] | couple wall art [S060: 1.1k / 226.8k] | zodiac print [S016: 108 / 70.5k] | names: couple names print [S023: 1 / 40.7k]
4570138967,ARIES_PISCES,,Aries and Pisces Personalized Zodiac Couple Wall Art,"Aries and Pisces Couple Wall Art, Personalized Zodiac Print with Names",Aries and Pisces Personalized Zodiac Cou,"Aries and Pisces Couple Wall Art, Person",aries and pisces [S084: 1] | couple wall art [S060: 1.1k / 226.8k] | zodiac print [S016: 108 / 70.5k] | names: couple names print [S023: 1 / 40.7k]
4570154042,ARIES_SAGITTARIUS,,Aries and Sagittarius Personalized Zodiac Couple Wall Art,"Aries and Sagittarius Couple Wall Art, Personalized Zodiac Print with Names",Aries and Sagittarius Personalized Zodia,"Aries and Sagittarius Couple Wall Art, P",aries and sagittarius [S085: 5] | couple wall art [S060: 1.1k / 226.8k] | zodiac print [S016: 108 / 70.5k] | names: couple names print [S023: 1 / 40.7k]
4570139913,ARIES_SCORPIO,,Aries and Scorpio Personalized Zodiac Couple Wall Art,"Aries and Scorpio Couple Wall Art, Personalized Zodiac Print with Names",Aries and Scorpio Personalized Zodiac Co,"Aries and Scorpio Couple Wall Art, Perso",aries and scorpio [S086: 8] | couple wall art [S060: 1.1k / 226.8k] | zodiac print [S016: 108 / 70.5k] | names: couple names print [S023: 1 / 40.7k]
4570140539,ARIES_TAURUS,,Aries and Taurus Personalized Zodiac Couple Wall Art,"Aries and Taurus Couple Wall Art, Personalized Zodiac Print with Names",Aries and Taurus Personalized Zodiac Cou,"Aries and Taurus Couple Wall Art, Person",aries and taurus [S087: 1] | couple wall art [S060: 1.1k / 226.8k] | zodiac print [S016: 108 / 70.5k] | names: couple names print [S023: 1 / 40.7k]
4570155846,ARIES_VIRGO,,Aries and Virgo Personalized Zodiac Couple Wall Art,"Aries and Virgo Couple Wall Art, Personalized Zodiac Print with Names",Aries and Virgo Personalized Zodiac Coup,"Aries and Virgo Couple Wall Art, Persona",aries and virgo [S088: 2] | couple wall art [S060: 1.1k / 226.8k] | zodiac print [S016: 108 / 70.5k] | names: couple names print [S023: 1 / 40.7k]
4570141945,CANCER_CANCER,,Cancer and Cancer Personalized Zodiac Couple Wall Art,"Cancer and Cancer Couple Wall Art, Personalized Zodiac Print with Names",Cancer and Cancer Personalized Zodiac Co,"Cancer and Cancer Couple Wall Art, Perso",cancer and cancer [S089: yok] | couple wall art [S060: 1.1k / 226.8k] | zodiac print [S016: 108 / 70.5k] | names: couple names print [S023: 1 / 40.7k]
4570157258,CANCER_CAPRICORN,,Cancer and Capricorn Personalized Zodiac Couple Wall Art,"Cancer and Capricorn Couple Wall Art, Personalized Zodiac Print with Names",Cancer and Capricorn Personalized Zodiac,"Cancer and Capricorn Couple Wall Art, Pe",cancer and capricorn [S090: yok] | couple wall art [S060: 1.1k / 226.8k] | zodiac print [S016: 108 / 70.5k] | names: couple names print [S023: 1 / 40.7k]
4570157716,CANCER_GEMINI,,Cancer and Gemini Personalized Zodiac Couple Wall Art,"Cancer and Gemini Couple Wall Art, Personalized Zodiac Print with Names",Cancer and Gemini Personalized Zodiac Co,"Cancer and Gemini Couple Wall Art, Perso",cancer and gemini [S091: 1] | couple wall art [S060: 1.1k / 226.8k] | zodiac print [S016: 108 / 70.5k] | names: couple names print [S023: 1 / 40.7k]
4570143387,CANCER_LEO,"EVET: kontrol, degismez",Cancer and Leo Personalized Zodiac Couple Wall Art,"Cancer and Leo Couple Wall Art, Personalized Zodiac Print with Names",Cancer and Leo Personalized Zodiac Coupl,"Cancer and Leo Couple Wall Art, Personal",cancer and leo [S092: 3] | couple wall art [S060: 1.1k / 226.8k] | zodiac print [S016: 108 / 70.5k] | names: couple names print [S023: 1 / 40.7k]
4570143815,CANCER_LIBRA,,Cancer and Libra Personalized Zodiac Couple Wall Art,"Cancer and Libra Couple Wall Art, Personalized Zodiac Print with Names",Cancer and Libra Personalized Zodiac Cou,"Cancer and Libra Couple Wall Art, Person",cancer and libra [S093: 1] | couple wall art [S060: 1.1k / 226.8k] | zodiac print [S016: 108 / 70.5k] | names: couple names print [S023: 1 / 40.7k]
4570144239,CANCER_PISCES,,Cancer and Pisces Personalized Zodiac Couple Wall Art,"Cancer and Pisces Couple Wall Art, Personalized Zodiac Print with Names",Cancer and Pisces Personalized Zodiac Co,"Cancer and Pisces Couple Wall Art, Perso",cancer and pisces [S094: 3] | couple wall art [S060: 1.1k / 226.8k] | zodiac print [S016: 108 / 70.5k] | names: couple names print [S023: 1 / 40.7k]
4570144663,CANCER_SAGITTARIUS,,Cancer and Sagittarius Personalized Zodiac Couple Wall Art,"Cancer and Sagittarius Couple Wall Art, Personalized Zodiac Print with Names",Cancer and Sagittarius Personalized Zodi,"Cancer and Sagittarius Couple Wall Art, ",cancer and sagittarius [S095: yok] | couple wall art [S060: 1.1k / 226.8k] | zodiac print [S016: 108 / 70.5k] | names: couple names print [S023: 1 / 40.7k]
4570145103,CANCER_SCORPIO,,Cancer and Scorpio Personalized Zodiac Couple Wall Art,"Cancer and Scorpio Couple Wall Art, Personalized Zodiac Print with Names",Cancer and Scorpio Personalized Zodiac C,"Cancer and Scorpio Couple Wall Art, Pers",cancer and scorpio [S096: 6] | couple wall art [S060: 1.1k / 226.8k] | zodiac print [S016: 108 / 70.5k] | names: couple names print [S023: 1 / 40.7k]
4570160260,CANCER_TAURUS,,Cancer and Taurus Personalized Zodiac Couple Wall Art,"Cancer and Taurus Couple Wall Art, Personalized Zodiac Print with Names",Cancer and Taurus Personalized Zodiac Co,"Cancer and Taurus Couple Wall Art, Perso",cancer and taurus [S097: 19] | couple wall art [S060: 1.1k / 226.8k] | zodiac print [S016: 108 / 70.5k] | names: couple names print [S023: 1 / 40.7k]
4570160676,CANCER_VIRGO,,Cancer and Virgo Personalized Zodiac Couple Wall Art,"Cancer and Virgo Couple Wall Art, Personalized Zodiac Print with Names",Cancer and Virgo Personalized Zodiac Cou,"Cancer and Virgo Couple Wall Art, Person",cancer and virgo [S098: 13] | couple wall art [S060: 1.1k / 226.8k] | zodiac print [S016: 108 / 70.5k] | names: couple names print [S023: 1 / 40.7k]
4570161266,CAPRICORN_CAPRICORN,,Capricorn and Capricorn Personalized Zodiac Couple Wall Art,"Capricorn and Capricorn Couple Wall Art, Personalized Zodiac Print with Names",Capricorn and Capricorn Personalized Zod,"Capricorn and Capricorn Couple Wall Art,",capricorn and capricorn [S099: yok] | couple wall art [S060: 1.1k / 226.8k] | zodiac print [S016: 108 / 70.5k] | names: couple names print [S023: 1 / 40.7k]
4570147149,CAPRICORN_GEMINI,,Capricorn and Gemini Personalized Zodiac Couple Wall Art,"Capricorn and Gemini Couple Wall Art, Personalized Zodiac Print with Names",Capricorn and Gemini Personalized Zodiac,"Capricorn and Gemini Couple Wall Art, Pe",capricorn and gemini [S100: 3] | couple wall art [S060: 1.1k / 226.8k] | zodiac print [S016: 108 / 70.5k] | names: couple names print [S023: 1 / 40.7k]
4570162562,CAPRICORN_LEO,,Capricorn and Leo Personalized Zodiac Couple Wall Art,"Capricorn and Leo Couple Wall Art, Personalized Zodiac Print with Names",Capricorn and Leo Personalized Zodiac Co,"Capricorn and Leo Couple Wall Art, Perso",capricorn and leo [S101: 4] | couple wall art [S060: 1.1k / 226.8k] | zodiac print [S016: 108 / 70.5k] | names: couple names print [S023: 1 / 40.7k]
4570163164,CAPRICORN_LIBRA,,Capricorn and Libra Personalized Zodiac Couple Wall Art,"Capricorn and Libra Couple Wall Art, Personalized Zodiac Print with Names",Capricorn and Libra Personalized Zodiac ,"Capricorn and Libra Couple Wall Art, Per",capricorn and libra [S102: 4] | couple wall art [S060: 1.1k / 226.8k] | zodiac print [S016: 108 / 70.5k] | names: couple names print [S023: 1 / 40.7k]
4570148769,CAPRICORN_PISCES,,Capricorn and Pisces Personalized Zodiac Couple Wall Art,"Capricorn and Pisces Couple Wall Art, Personalized Zodiac Print with Names",Capricorn and Pisces Personalized Zodiac,"Capricorn and Pisces Couple Wall Art, Pe",capricorn and pisces [S103: 8] | couple wall art [S060: 1.1k / 226.8k] | zodiac print [S016: 108 / 70.5k] | names: couple names print [S023: 1 / 40.7k]
4570163968,CAPRICORN_SAGITTARIUS,,Capricorn and Sagittarius Personalized Zodiac Couple Wall Art,"Capricorn and Sagittarius Couple Wall Art, Personalized Zodiac Print with Names",Capricorn and Sagittarius Personalized Z,Capricorn and Sagittarius Couple Wall Ar,capricorn and sagittarius [S025: 98] | couple wall art [S060: 1.1k / 226.8k] | zodiac print [S016: 108 / 70.5k] | names: couple names print [S023: 1 / 40.7k]
4570149603,CAPRICORN_SCORPIO,,Capricorn and Scorpio Personalized Zodiac Couple Wall Art,"Capricorn and Scorpio Couple Wall Art, Personalized Zodiac Print with Names",Capricorn and Scorpio Personalized Zodia,"Capricorn and Scorpio Couple Wall Art, P",capricorn and scorpio [S104: 2] | couple wall art [S060: 1.1k / 226.8k] | zodiac print [S016: 108 / 70.5k] | names: couple names print [S023: 1 / 40.7k]
4570164962,CAPRICORN_TAURUS,,Capricorn and Taurus Personalized Zodiac Couple Wall Art,"Capricorn and Taurus Couple Wall Art, Personalized Zodiac Print with Names",Capricorn and Taurus Personalized Zodiac,"Capricorn and Taurus Couple Wall Art, Pe",capricorn and taurus [S105: 9] | couple wall art [S060: 1.1k / 226.8k] | zodiac print [S016: 108 / 70.5k] | names: couple names print [S023: 1 / 40.7k]
4570165628,CAPRICORN_VIRGO,,Capricorn and Virgo Personalized Zodiac Couple Wall Art,"Capricorn and Virgo Couple Wall Art, Personalized Zodiac Print with Names",Capricorn and Virgo Personalized Zodiac ,"Capricorn and Virgo Couple Wall Art, Per",capricorn and virgo [S106: 6] | couple wall art [S060: 1.1k / 226.8k] | zodiac print [S016: 108 / 70.5k] | names: couple names print [S023: 1 / 40.7k]
4570166282,GEMINI_GEMINI,,Gemini and Gemini Personalized Zodiac Couple Wall Art,"Gemini and Gemini Couple Wall Art, Personalized Zodiac Print with Names",Gemini and Gemini Personalized Zodiac Co,"Gemini and Gemini Couple Wall Art, Perso",gemini and gemini [S107: yok] | couple wall art [S060: 1.1k / 226.8k] | zodiac print [S016: 108 / 70.5k] | names: couple names print [S023: 1 / 40.7k]
4570152121,GEMINI_LEO,,Gemini and Leo Personalized Zodiac Couple Wall Art,"Gemini and Leo Couple Wall Art, Personalized Zodiac Print with Names",Gemini and Leo Personalized Zodiac Coupl,"Gemini and Leo Couple Wall Art, Personal",gemini and leo [S108: 1] | couple wall art [S060: 1.1k / 226.8k] | zodiac print [S016: 108 / 70.5k] | names: couple names print [S023: 1 / 40.7k]
4570152561,GEMINI_LIBRA,,Gemini and Libra Personalized Zodiac Couple Wall Art,"Gemini and Libra Couple Wall Art, Personalized Zodiac Print with Names",Gemini and Libra Personalized Zodiac Cou,"Gemini and Libra Couple Wall Art, Person",gemini and libra [S109: 8] | couple wall art [S060: 1.1k / 226.8k] | zodiac print [S016: 108 / 70.5k] | names: couple names print [S023: 1 / 40.7k]
4570153015,GEMINI_PISCES,,Gemini and Pisces Personalized Zodiac Couple Wall Art,"Gemini and Pisces Couple Wall Art, Personalized Zodiac Print with Names",Gemini and Pisces Personalized Zodiac Co,"Gemini and Pisces Couple Wall Art, Perso",gemini and pisces [S110: 7] | couple wall art [S060: 1.1k / 226.8k] | zodiac print [S016: 108 / 70.5k] | names: couple names print [S023: 1 / 40.7k]
4570153495,GEMINI_SAGITTARIUS,,Gemini and Sagittarius Personalized Zodiac Couple Wall Art,"Gemini and Sagittarius Couple Wall Art, Personalized Zodiac Print with Names",Gemini and Sagittarius Personalized Zodi,"Gemini and Sagittarius Couple Wall Art, ",gemini and sagittarius [S111: 3] | couple wall art [S060: 1.1k / 226.8k] | zodiac print [S016: 108 / 70.5k] | names: couple names print [S023: 1 / 40.7k]
4570154049,GEMINI_SCORPIO,,Gemini and Scorpio Personalized Zodiac Couple Wall Art,"Gemini and Scorpio Couple Wall Art, Personalized Zodiac Print with Names",Gemini and Scorpio Personalized Zodiac C,"Gemini and Scorpio Couple Wall Art, Pers",gemini and scorpio [S112: 6] | couple wall art [S060: 1.1k / 226.8k] | zodiac print [S016: 108 / 70.5k] | names: couple names print [S023: 1 / 40.7k]
4570169354,GEMINI_TAURUS,,Gemini and Taurus Personalized Zodiac Couple Wall Art,"Gemini and Taurus Couple Wall Art, Personalized Zodiac Print with Names",Gemini and Taurus Personalized Zodiac Co,"Gemini and Taurus Couple Wall Art, Perso",gemini and taurus [S113: yok] | couple wall art [S060: 1.1k / 226.8k] | zodiac print [S016: 108 / 70.5k] | names: couple names print [S023: 1 / 40.7k]
4570155327,GEMINI_VIRGO,,Gemini and Virgo Personalized Zodiac Couple Wall Art,"Gemini and Virgo Couple Wall Art, Personalized Zodiac Print with Names",Gemini and Virgo Personalized Zodiac Cou,"Gemini and Virgo Couple Wall Art, Person",gemini and virgo [S114: 4] | couple wall art [S060: 1.1k / 226.8k] | zodiac print [S016: 108 / 70.5k] | names: couple names print [S023: 1 / 40.7k]
4570155945,LEO_LEO,,Leo and Leo Personalized Zodiac Couple Wall Art,"Leo and Leo Couple Wall Art, Personalized Zodiac Print with Names",Leo and Leo Personalized Zodiac Couple W,"Leo and Leo Couple Wall Art, Personalize",leo and leo [S115: 3] | couple wall art [S060: 1.1k / 226.8k] | zodiac print [S016: 108 / 70.5k] | names: couple names print [S023: 1 / 40.7k]
4570198669,LEO_LIBRA,,Leo and Libra Personalized Zodiac Couple Wall Art,"Leo and Libra Couple Wall Art, Personalized Zodiac Print with Names",Leo and Libra Personalized Zodiac Couple,"Leo and Libra Couple Wall Art, Personali",leo and libra [S116: 12] | couple wall art [S060: 1.1k / 226.8k] | zodiac print [S016: 108 / 70.5k] | names: couple names print [S023: 1 / 40.7k]
4570199091,LEO_PISCES,,Leo and Pisces Personalized Zodiac Couple Wall Art,"Leo and Pisces Couple Wall Art, Personalized Zodiac Print with Names",Leo and Pisces Personalized Zodiac Coupl,"Leo and Pisces Couple Wall Art, Personal",leo and pisces [S117: 8] | couple wall art [S060: 1.1k / 226.8k] | zodiac print [S016: 108 / 70.5k] | names: couple names print [S023: 1 / 40.7k]
4570199509,LEO_SAGITTARIUS,,Leo and Sagittarius Personalized Zodiac Couple Wall Art,"Leo and Sagittarius Couple Wall Art, Personalized Zodiac Print with Names",Leo and Sagittarius Personalized Zodiac ,"Leo and Sagittarius Couple Wall Art, Per",leo and sagittarius [S118: 7] | couple wall art [S060: 1.1k / 226.8k] | zodiac print [S016: 108 / 70.5k] | names: couple names print [S023: 1 / 40.7k]
4570214304,LEO_SCORPIO,,Leo and Scorpio Personalized Zodiac Couple Wall Art,"Leo and Scorpio Couple Wall Art, Personalized Zodiac Print with Names",Leo and Scorpio Personalized Zodiac Coup,"Leo and Scorpio Couple Wall Art, Persona",leo and scorpio [S119: 5] | couple wall art [S060: 1.1k / 226.8k] | zodiac print [S016: 108 / 70.5k] | names: couple names print [S023: 1 / 40.7k]
4570214784,LEO_TAURUS,,Leo and Taurus Personalized Zodiac Couple Wall Art,"Leo and Taurus Couple Wall Art, Personalized Zodiac Print with Names",Leo and Taurus Personalized Zodiac Coupl,"Leo and Taurus Couple Wall Art, Personal",leo and taurus [S120: 2] | couple wall art [S060: 1.1k / 226.8k] | zodiac print [S016: 108 / 70.5k] | names: couple names print [S023: 1 / 40.7k]
4570200893,LEO_VIRGO,,Leo and Virgo Personalized Zodiac Couple Wall Art,"Leo and Virgo Couple Wall Art, Personalized Zodiac Print with Names",Leo and Virgo Personalized Zodiac Couple,"Leo and Virgo Couple Wall Art, Personali",leo and virgo [S121: 13] | couple wall art [S060: 1.1k / 226.8k] | zodiac print [S016: 108 / 70.5k] | names: couple names print [S023: 1 / 40.7k]
4570201313,LIBRA_LIBRA,,Libra and Libra Personalized Zodiac Couple Wall Art,"Libra and Libra Couple Wall Art, Personalized Zodiac Print with Names",Libra and Libra Personalized Zodiac Coup,"Libra and Libra Couple Wall Art, Persona",libra and libra [S122: yok] | couple wall art [S060: 1.1k / 226.8k] | zodiac print [S016: 108 / 70.5k] | names: couple names print [S023: 1 / 40.7k]
4570216030,LIBRA_PISCES,,Libra and Pisces Personalized Zodiac Couple Wall Art,"Libra and Pisces Couple Wall Art, Personalized Zodiac Print with Names",Libra and Pisces Personalized Zodiac Cou,"Libra and Pisces Couple Wall Art, Person",libra and pisces [S123: 5] | couple wall art [S060: 1.1k / 226.8k] | zodiac print [S016: 108 / 70.5k] | names: couple names print [S023: 1 / 40.7k]
4570202333,LIBRA_SAGITTARIUS,,Libra and Sagittarius Personalized Zodiac Couple Wall Art,"Libra and Sagittarius Couple Wall Art, Personalized Zodiac Print with Names",Libra and Sagittarius Personalized Zodia,"Libra and Sagittarius Couple Wall Art, P",libra and sagittarius [S124: 19] | couple wall art [S060: 1.1k / 226.8k] | zodiac print [S016: 108 / 70.5k] | names: couple names print [S023: 1 / 40.7k]
4570202793,LIBRA_SCORPIO,,Libra and Scorpio Personalized Zodiac Couple Wall Art,"Libra and Scorpio Couple Wall Art, Personalized Zodiac Print with Names",Libra and Scorpio Personalized Zodiac Co,"Libra and Scorpio Couple Wall Art, Perso",libra and scorpio [S125: 7] | couple wall art [S060: 1.1k / 226.8k] | zodiac print [S016: 108 / 70.5k] | names: couple names print [S023: 1 / 40.7k]
4570203229,LIBRA_TAURUS,,Libra and Taurus Personalized Zodiac Couple Wall Art,"Libra and Taurus Couple Wall Art, Personalized Zodiac Print with Names",Libra and Taurus Personalized Zodiac Cou,"Libra and Taurus Couple Wall Art, Person",libra and taurus [S126: 8] | couple wall art [S060: 1.1k / 226.8k] | zodiac print [S016: 108 / 70.5k] | names: couple names print [S023: 1 / 40.7k]
4570203731,LIBRA_VIRGO,,Libra and Virgo Personalized Zodiac Couple Wall Art,"Libra and Virgo Couple Wall Art, Personalized Zodiac Print with Names",Libra and Virgo Personalized Zodiac Coup,"Libra and Virgo Couple Wall Art, Persona",libra and virgo [S127: 2] | couple wall art [S060: 1.1k / 226.8k] | zodiac print [S016: 108 / 70.5k] | names: couple names print [S023: 1 / 40.7k]
4570204167,PISCES_PISCES,,Pisces and Pisces Personalized Zodiac Couple Wall Art,"Pisces and Pisces Couple Wall Art, Personalized Zodiac Print with Names",Pisces and Pisces Personalized Zodiac Co,"Pisces and Pisces Couple Wall Art, Perso",pisces and pisces [S128: yok] | couple wall art [S060: 1.1k / 226.8k] | zodiac print [S016: 108 / 70.5k] | names: couple names print [S023: 1 / 40.7k]
4570204681,PISCES_SAGITTARIUS,,Pisces and Sagittarius Personalized Zodiac Couple Wall Art,"Pisces and Sagittarius Couple Wall Art, Personalized Zodiac Print with Names",Pisces and Sagittarius Personalized Zodi,"Pisces and Sagittarius Couple Wall Art, ",pisces and sagittarius [S129: yok] | couple wall art [S060: 1.1k / 226.8k] | zodiac print [S016: 108 / 70.5k] | names: couple names print [S023: 1 / 40.7k]
4570205473,PISCES_SCORPIO,,Pisces and Scorpio Personalized Zodiac Couple Wall Art,"Pisces and Scorpio Couple Wall Art, Personalized Zodiac Print with Names",Pisces and Scorpio Personalized Zodiac C,"Pisces and Scorpio Couple Wall Art, Pers",pisces and scorpio [S130: 22] | couple wall art [S060: 1.1k / 226.8k] | zodiac print [S016: 108 / 70.5k] | names: couple names print [S023: 1 / 40.7k]
4570205899,PISCES_TAURUS,,Pisces and Taurus Personalized Zodiac Couple Wall Art,"Pisces and Taurus Couple Wall Art, Personalized Zodiac Print with Names",Pisces and Taurus Personalized Zodiac Co,"Pisces and Taurus Couple Wall Art, Perso",pisces and taurus [S131: 6] | couple wall art [S060: 1.1k / 226.8k] | zodiac print [S016: 108 / 70.5k] | names: couple names print [S023: 1 / 40.7k]
4570220634,PISCES_VIRGO,,Pisces and Virgo Personalized Zodiac Couple Wall Art,"Pisces and Virgo Couple Wall Art, Personalized Zodiac Print with Names",Pisces and Virgo Personalized Zodiac Cou,"Pisces and Virgo Couple Wall Art, Person",pisces and virgo [S132: 5] | couple wall art [S060: 1.1k / 226.8k] | zodiac print [S016: 108 / 70.5k] | names: couple names print [S023: 1 / 40.7k]
4570206865,SAGITTARIUS_SAGITTARIUS,,Sagittarius and Sagittarius Personalized Zodiac Couple Wall Art,"Sagittarius and Sagittarius Couple Wall Art, Personalized Zodiac Print with Names",Sagittarius and Sagittarius Personalized,Sagittarius and Sagittarius Couple Wall ,sagittarius and sagittarius [S025: 98] | couple wall art [S060: 1.1k / 226.8k] | zodiac print [S016: 108 / 70.5k] | names: couple names print [S023: 1 / 40.7k]
4570221662,SAGITTARIUS_SCORPIO,,Sagittarius and Scorpio Personalized Zodiac Couple Wall Art,"Sagittarius and Scorpio Couple Wall Art, Personalized Zodiac Print with Names",Sagittarius and Scorpio Personalized Zod,"Sagittarius and Scorpio Couple Wall Art,",sagittarius and scorpio [S133: 1] | couple wall art [S060: 1.1k / 226.8k] | zodiac print [S016: 108 / 70.5k] | names: couple names print [S023: 1 / 40.7k]
4570207855,SAGITTARIUS_TAURUS,,Sagittarius and Taurus Personalized Zodiac Couple Wall Art,"Sagittarius and Taurus Couple Wall Art, Personalized Zodiac Print with Names",Sagittarius and Taurus Personalized Zodi,"Sagittarius and Taurus Couple Wall Art, ",sagittarius and taurus [S134: 1] | couple wall art [S060: 1.1k / 226.8k] | zodiac print [S016: 108 / 70.5k] | names: couple names print [S023: 1 / 40.7k]
4570208321,SAGITTARIUS_VIRGO,,Sagittarius and Virgo Personalized Zodiac Couple Wall Art,"Sagittarius and Virgo Couple Wall Art, Personalized Zodiac Print with Names",Sagittarius and Virgo Personalized Zodia,"Sagittarius and Virgo Couple Wall Art, P",sagittarius and virgo [S135: yok] | couple wall art [S060: 1.1k / 226.8k] | zodiac print [S016: 108 / 70.5k] | names: couple names print [S023: 1 / 40.7k]
4570209015,SCORPIO_SCORPIO,,Scorpio and Scorpio Personalized Zodiac Couple Wall Art,"Scorpio and Scorpio Couple Wall Art, Personalized Zodiac Print with Names",Scorpio and Scorpio Personalized Zodiac ,"Scorpio and Scorpio Couple Wall Art, Per",scorpio and scorpio [S136: yok] | couple wall art [S060: 1.1k / 226.8k] | zodiac print [S016: 108 / 70.5k] | names: couple names print [S023: 1 / 40.7k]
4570224058,SCORPIO_TAURUS,,Scorpio and Taurus Personalized Zodiac Couple Wall Art,"Scorpio and Taurus Couple Wall Art, Personalized Zodiac Print with Names",Scorpio and Taurus Personalized Zodiac C,"Scorpio and Taurus Couple Wall Art, Pers",scorpio and taurus [S137: 17] | couple wall art [S060: 1.1k / 226.8k] | zodiac print [S016: 108 / 70.5k] | names: couple names print [S023: 1 / 40.7k]
4570210411,SCORPIO_VIRGO,,Scorpio and Virgo Personalized Zodiac Couple Wall Art,"Scorpio and Virgo Couple Wall Art, Personalized Zodiac Print with Names",Scorpio and Virgo Personalized Zodiac Co,"Scorpio and Virgo Couple Wall Art, Perso",scorpio and virgo [S138: 8] | couple wall art [S060: 1.1k / 226.8k] | zodiac print [S016: 108 / 70.5k] | names: couple names print [S023: 1 / 40.7k]
4570225672,TAURUS_TAURUS,,Taurus and Taurus Personalized Zodiac Couple Wall Art,"Taurus and Taurus Couple Wall Art, Personalized Zodiac Print with Names",Taurus and Taurus Personalized Zodiac Co,"Taurus and Taurus Couple Wall Art, Perso",taurus and taurus [S139: yok] | couple wall art [S060: 1.1k / 226.8k] | zodiac print [S016: 108 / 70.5k] | names: couple names print [S023: 1 / 40.7k]
4570226386,TAURUS_VIRGO,,Taurus and Virgo Personalized Zodiac Couple Wall Art,"Taurus and Virgo Couple Wall Art, Personalized Zodiac Print with Names",Taurus and Virgo Personalized Zodiac Cou,"Taurus and Virgo Couple Wall Art, Person",taurus and virgo [S140: 5] | couple wall art [S060: 1.1k / 226.8k] | zodiac print [S016: 108 / 70.5k] | names: couple names print [S023: 1 / 40.7k]
4570227104,VIRGO_VIRGO,,Virgo and Virgo Personalized Zodiac Couple Wall Art,"Virgo and Virgo Couple Wall Art, Personalized Zodiac Print with Names",Virgo and Virgo Personalized Zodiac Coup,"Virgo and Virgo Couple Wall Art, Persona",virgo and virgo [S141: yok] | couple wall art [S060: 1.1k / 226.8k] | zodiac print [S016: 108 / 70.5k] | names: couple names print [S023: 1 / 40.7k]
