kare,sn,ana_sembol,kucuk_burc_1,kucuk_burc_2,ham_ana_sembol,ham_kucuk_burc_1,ham_kucuk_burc_2
0,0.0,1.0,1.0,1.0,1.0,1.0,1.0
1,0.033,1.0,1.0,0.9879,1.0,1.0,0.9879
2,0.067,1.0,1.0,0.9724,1.0,1.0,0.9724
3,0.1,1.0,1.0,0.9725,1.0,1.0,0.9725
4,0.133,1.0,1.0,0.9725,1.0,1.0,0.9725
5,0.167,1.0,1.0,0.9725,1.0,1.0,0.9725
6,0.2,1.0,1.0,0.9725,1.0,1.0,0.9725
7,0.233,1.0,1.0,0.9725,1.0,1.0,0.9725
8,0.267,1.0,1.0,0.9725,1.0,1.0,0.9725
9,0.3,1.0,1.0,0.9725,1.0,1.0,0.9725
10,0.333,1.0,1.0,0.9725,1.0,1.0,0.9725
11,0.367,1.0,1.0,0.9725,1.0,1.0,0.9725
12,0.4,1.0,1.0,0.9725,1.0,1.0,0.9725
13,0.433,0.9785,0.7901,0.7933,0.9785,0.7901,0.7933
14,0.467,0.9577,0.5731,0.6217,0.9577,0.5731,0.6217
15,0.5,0.9381,0.347,0.4491,0.9381,0.347,0.4491
16,0.533,0.9196,0.1804,0.2709,0.9196,0.1804,0.2709
17,0.567,0.8754,0.0684,0.1283,0.8754,0.0684,0.1283
18,0.6,0.8399,0.0023,0.005,0.8399,0.0023,0.005
19,0.633,0.8395,0.002,0.0,0.8395,0.002,0.0
20,0.667,0.8394,0.0022,0.0,0.8394,0.0022,0.0
21,0.7,0.8394,0.0022,0.0,0.8394,0.0022,0.0
22,0.733,0.8394,0.0,0.0,0.8394,0.0,0.0
23,0.767,0.8393,0.0,0.0,0.8393,0.0,0.0
24,0.8,0.8393,0.0,0.0,0.8393,0.0,0.0
25,0.833,0.8394,0.0,0.0,0.8394,0.0,0.0
26,0.867,0.8395,0.0,0.0,0.8395,0.0,0.0
27,0.9,0.8389,0.0,0.0,0.8389,0.0,0.0
28,0.933,0.8385,0.0065,0.0,0.8385,0.0029,0.0
29,0.967,0.8381,0.0069,0.0,0.8381,0.0031,0.0
30,1.0,0.8377,0.0085,0.0,0.8377,0.0038,0.0
31,1.033,0.8351,0.0,0.0,0.8351,0.0,0.0
32,1.067,0.8329,0.0,0.0,0.8329,0.0,0.0
33,1.1,0.8311,0.0,0.0,0.8311,0.0,0.0
34,1.133,0.8299,0.0,0.0,0.8299,0.0,0.0
35,1.167,0.8271,0.0,0.0,0.8271,0.0,0.0
36,1.2,0.8249,0.0,0.0,0.8249,0.0,0.0
37,1.233,0.8217,0.0,0.0,0.8217,0.0,0.0
38,1.267,0.8205,0.0,0.0,0.8205,0.0,0.0
39,1.3,0.8165,0.0,0.0,0.8165,0.0,0.0
40,1.333,0.8131,0.0,0.0,0.8131,0.0,0.0
41,1.367,0.8106,0.0,0.0,0.8106,0.0,0.0
42,1.4,0.8082,0.0,0.0,0.8082,0.0,0.0
43,1.433,0.8039,0.0,0.0,0.8039,0.0,0.0
44,1.467,0.7998,0.0,0.0,0.7998,0.0,0.0
45,1.5,0.796,0.0,0.0,0.796,0.0,0.0
46,1.533,0.7933,0.0,0.0,0.7933,0.0,0.0
47,1.567,0.7875,0.0,0.0,0.7875,0.0,0.0
48,1.6,0.7825,0.0,0.0,0.7825,0.0,0.0
49,1.633,0.7767,0.004,0.0,0.7767,0.0018,0.0
50,1.667,0.7723,0.0065,0.0,0.7723,0.0029,0.0
51,1.7,0.759,0.0122,0.0,0.759,0.0055,0.0
52,1.733,0.7475,0.0176,0.0,0.7475,0.0079,0.0
53,1.767,0.7285,0.041,0.0,0.7285,0.0184,0.0
54,1.8,0.713,0.0216,0.0,0.713,0.0097,0.0
55,1.833,0.6848,0.0474,0.0,0.6848,0.0213,0.0
56,1.867,0.6591,0.0619,0.0,0.6591,0.0278,0.0
57,1.9,0.6301,0.0659,0.0,0.6301,0.0296,0.0
58,1.933,0.6055,0.0741,0.0,0.6055,0.0333,0.0
59,1.967,0.5725,0.096,0.0,0.5725,0.0431,0.0
60,2.0,0.5474,0.0586,0.0,0.5474,0.0263,0.0
61,2.033,0.5204,0.0067,0.0,0.5204,0.003,0.0
62,2.067,0.4966,0.0,0.0,0.4966,0.0,0.0
63,2.1,0.4594,0.0,0.0,0.4594,0.0,0.0
64,2.133,0.44,0.0,0.0,0.44,0.0,0.0
65,2.167,0.4101,0.0,0.0,0.4101,0.0,0.0
66,2.2,0.3962,0.0,0.0,0.3962,0.0,0.0
67,2.233,0.3682,0.0,0.0,0.3682,0.0,0.0
68,2.267,0.3551,0.0,0.0,0.3551,0.0,0.0
69,2.3,0.3362,0.0,0.0086,0.3362,0.0,0.0053
70,2.333,0.326,0.0,0.0617,0.326,0.0,0.038
71,2.367,0.3111,0.0,0.0542,0.3111,0.0,0.0334
72,2.4,0.3059,0.0,0.0472,0.3059,0.0,0.0291
73,2.433,0.2966,0.0029,0.0422,0.2966,0.0013,0.026
74,2.467,0.2928,0.0082,0.0583,0.2928,0.0037,0.0359
75,2.5,0.2869,0.0051,0.0438,0.2869,0.0023,0.027
76,2.533,0.2842,0.0107,0.0513,0.2842,0.0048,0.0316
77,2.567,0.2829,0.002,0.0464,0.2829,0.0009,0.0286
78,2.6,0.2824,0.0031,0.037,0.2824,0.0014,0.0228
79,2.633,0.2777,0.0,0.032,0.2777,0.0,0.0197
80,2.667,0.2759,0.0,0.0211,0.2759,0.0,0.013
81,2.7,0.2748,0.0,0.0185,0.2748,0.0,0.0114
82,2.733,0.2748,0.0125,0.0133,0.2748,0.0056,0.0082
83,2.767,0.2705,0.0096,0.0039,0.2705,0.0043,0.0024
84,2.8,0.2695,0.0071,0.0005,0.2695,0.0032,0.0003
85,2.833,0.2695,0.0058,0.0166,0.2695,0.0026,0.0102
86,2.867,0.2696,0.0038,0.0,0.2696,0.0017,0.0
87,2.9,0.2676,0.004,0.0,0.2676,0.0018,0.0
88,2.933,0.2667,0.0031,0.0075,0.2667,0.0014,0.0046
89,2.967,0.2657,0.0029,0.0057,0.2657,0.0013,0.0035
90,3.0,0.2656,0.0018,0.0052,0.2656,0.0008,0.0032
91,3.033,0.264,0.0022,0.0062,0.264,0.001,0.0038
92,3.067,0.2641,0.0027,0.006,0.2641,0.0012,0.0037
93,3.1,0.2637,0.002,0.006,0.2637,0.0009,0.0037
94,3.133,0.2636,0.002,0.0054,0.2636,0.0009,0.0033
95,3.167,0.2619,0.0022,0.0057,0.2619,0.001,0.0035
96,3.2,0.2613,0.0024,0.0062,0.2613,0.0011,0.0038
97,3.233,0.2611,0.0024,0.0062,0.2611,0.0011,0.0038
98,3.267,0.2613,0.0022,0.0065,0.2613,0.001,0.004
99,3.3,0.2602,0.0029,0.008,0.2602,0.0013,0.0049
100,3.333,0.2597,0.0022,0.0091,0.2597,0.001,0.0056
101,3.367,0.2595,0.0,0.0062,0.2595,0.0,0.0038
102,3.4,0.2603,0.0156,0.025,0.2603,0.007,0.0154
103,3.433,0.2587,0.0363,0.0399,0.2587,0.0163,0.0246
104,3.467,0.258,0.0639,0.0529,0.258,0.0287,0.0326
105,3.5,0.2501,0.1147,0.1206,0.2501,0.0515,0.0743
106,3.533,0.2461,0.167,0.2103,0.2461,0.075,0.1296
107,3.567,0.2422,0.2318,0.3007,0.2422,0.1041,0.1853
108,3.6,0.2387,0.2781,0.3721,0.2387,0.1249,0.2293
109,3.633,0.227,0.4053,0.4413,0.227,0.182,0.272
110,3.667,0.2234,0.4923,0.5256,0.2234,0.2211,0.3239
111,3.7,0.2171,0.5927,0.5937,0.2171,0.2662,0.3659
112,3.733,0.2109,0.6916,0.6812,0.2109,0.3106,0.4198
113,3.767,0.2026,0.7381,0.6865,0.2026,0.3315,0.4231
114,3.8,0.2,0.7793,0.6586,0.2,0.35,0.4059
115,3.833,0.1949,0.8858,0.7748,0.1949,0.3978,0.4775
116,3.867,0.1917,0.9659,0.8804,0.1917,0.4338,0.5426
117,3.9,0.1893,0.9653,0.9245,0.1893,0.4335,0.5698
118,3.933,0.1896,0.9655,0.9257,0.1896,0.4336,0.5705
119,3.967,0.1876,0.9931,1.0,0.1876,0.446,0.6163
120,4.0,0.1887,0.9931,1.0,0.1884,0.446,0.6163
121,4.033,0.1883,0.9964,1.0,0.1881,0.4475,0.6163
122,4.067,0.1887,0.9964,1.0,0.1884,0.4475,0.6163
123,4.1,0.1895,1.0,1.0,0.189,0.4491,0.6163
124,4.133,0.1906,1.0,1.0,0.1898,0.4491,0.6163
125,4.167,0.1909,1.0,1.0,0.19,0.4491,0.6163
126,4.2,0.1912,1.0,1.0,0.1902,0.4491,0.6163
127,4.233,0.1908,1.0,1.0,0.1899,0.4491,0.6163
128,4.267,0.1904,1.0,1.0,0.1896,0.4491,0.6163
129,4.3,0.1904,1.0,1.0,0.1896,0.4491,0.6163
130,4.333,0.1906,1.0,1.0,0.1898,0.4491,0.6163
131,4.367,1.0,1.0,1.0,0.7776,0.4491,0.6163
132,4.4,0.9997,1.0,1.0,0.7774,0.4491,0.6163
133,4.433,0.9996,1.0,1.0,0.7773,0.4491,0.6163
134,4.467,0.9996,1.0,1.0,0.7773,0.4491,0.6163
135,4.5,0.9994,1.0,1.0,0.7772,0.4491,0.6163
136,4.533,0.9997,1.0,1.0,0.7774,0.4491,0.6163
137,4.567,0.9997,1.0,1.0,0.7774,0.4491,0.6163

# yeni video egrisi
kare,sn,yeni_kucuk_burc_1,yeni_kucuk_burc_2,v5_kucuk_burc_1,v5_kucuk_burc_2
0,0.0,1.0,1.0,1.0,1.0
1,0.033,1.0,1.0,1.0,1.0
2,0.067,0.3143,0.3173,0.3161,0.3344
3,0.1,0.3121,0.3181,0.3146,0.3351
4,0.133,0.3146,0.316,0.313,0.3289
5,0.167,0.3138,0.3153,0.3152,0.3296
6,0.2,0.311,0.3169,0.3185,0.336
7,0.233,0.3095,0.3162,0.3149,0.3339
8,0.267,0.3101,0.3162,0.3119,0.3323
9,0.3,0.3094,0.3163,0.3176,0.3322
10,0.333,0.3129,0.3165,0.3177,0.328
11,0.367,0.3124,0.3166,0.3175,0.3283
12,0.4,0.3125,0.3203,0.3138,0.326
13,0.433,0.0717,0.0921,0.3143,0.3281
14,0.467,0.0,0.106,0.3184,0.3323
15,0.5,0.0,0.1022,0.3187,0.3329
16,0.533,0.0547,0.1108,0.319,0.3263
17,0.567,0.107,0.1757,0.3189,0.3281
18,0.6,0.1528,0.2655,0.3195,0.3303
19,0.633,0.1533,0.2569,0.3192,0.3299
20,0.667,0.1587,0.2562,0.3192,0.3362
21,0.7,0.156,0.2566,0.3191,0.3364
22,0.733,0.1587,0.2568,0.3191,0.332
23,0.767,0.1593,0.2559,0.3188,0.3368
24,0.8,0.1617,0.256,0.319,0.337
25,0.833,0.1503,0.258,0.3199,0.3371
26,0.867,0.1596,0.2512,0.3206,0.326
27,0.9,0.1616,0.2529,0.3215,0.3315
28,0.933,0.162,0.2536,0.322,0.3322
29,0.967,0.1627,0.2531,0.3223,0.3314
30,1.0,0.1734,0.254,0.3228,0.332
31,1.033,0.1687,0.2528,0.3233,0.3295
32,1.067,0.166,0.2452,0.3246,0.3315
33,1.1,0.1676,0.2215,0.3221,0.3327
34,1.133,0.1585,0.227,0.3226,0.3313
35,1.167,0.1429,0.2146,0.3239,0.3322
36,1.2,0.1403,0.207,0.3295,0.3338
37,1.233,0.1371,0.2158,0.3289,0.3274
38,1.267,0.093,0.2218,0.3266,0.3285
39,1.3,0.0951,0.2223,0.3288,0.3299
40,1.333,0.0867,0.2279,0.3309,0.3317
41,1.367,0.0628,0.2214,0.3261,0.3411
42,1.4,0.0486,0.16,0.3269,0.3436
43,1.433,0.0463,0.2079,0.3305,0.338
44,1.467,0.0516,0.1987,0.3334,0.3388
45,1.5,0.0203,0.1628,0.3374,0.3197
46,1.533,0.0,0.1688,0.3338,0.3236
47,1.567,0.0367,0.1709,0.3359,0.3333
48,1.6,0.0557,0.2113,0.3314,0.3416
49,1.633,0.0432,0.1836,0.3429,0.3448
50,1.667,0.0603,0.1615,0.3524,0.3421
51,1.7,0.0765,0.1084,0.3431,0.3413
52,1.733,0.0615,0.119,0.348,0.3326
53,1.767,0.1273,0.0986,0.351,0.3511
54,1.8,0.1233,0.0872,0.348,0.362
55,1.833,0.1091,0.0915,0.3636,0.3599
56,1.867,0.1605,0.1163,0.3775,0.3667
57,1.9,0.2045,0.1435,0.3813,0.3767
58,1.933,0.2544,0.1314,0.3707,0.38
59,1.967,0.3032,0.0965,0.3681,0.3694
60,2.0,0.3755,0.0586,0.3536,0.3658
61,2.033,0.4158,0.1688,0.332,0.3857
62,2.067,0.4116,0.1423,0.2927,0.3908
63,2.1,0.3725,0.2429,0.2836,0.3802
64,2.133,0.3692,0.2088,0.29,0.38
65,2.167,0.3788,0.3163,0.2681,0.3827
66,2.2,0.6668,0.3525,0.2713,0.3833
67,2.233,0.726,0.294,0.2589,0.3527
68,2.267,0.7095,0.4931,0.2553,0.3307
69,2.3,0.6722,0.5443,0.263,0.332
70,2.333,0.6431,0.49,0.263,0.3322
71,2.367,0.5866,0.4527,0.2702,0.3235
72,2.4,0.5392,0.4391,0.269,0.3004
73,2.433,0.4928,0.4037,0.2705,0.309
74,2.467,0.4531,0.3493,0.2776,0.3089
75,2.5,0.4037,0.3155,0.2794,0.3112
76,2.533,0.3451,0.2823,0.2835,0.3139
77,2.567,0.315,0.2554,0.2862,0.3151
78,2.6,0.279,0.2259,0.2908,0.3116
79,2.633,0.2449,0.1909,0.2939,0.3115
80,2.667,0.2217,0.1773,0.2926,0.3131
81,2.7,0.2142,0.1758,0.2984,0.3121
82,2.733,0.2009,0.1627,0.2981,0.3111
83,2.767,0.191,0.158,0.2976,0.3116
84,2.8,0.1776,0.1518,0.2976,0.3093
85,2.833,0.1715,0.149,0.2993,0.3099
86,2.867,0.1683,0.1463,0.3038,0.3099
87,2.9,0.1687,0.1429,0.3033,0.3158
88,2.933,0.1591,0.1391,0.2987,0.3139
89,2.967,0.156,0.1372,0.2985,0.3135
90,3.0,0.1563,0.1338,0.2986,0.3134
91,3.033,0.1542,0.133,0.2983,0.3135
92,3.067,0.151,0.132,0.2984,0.3135
93,3.1,0.1519,0.1315,0.2986,0.3135
94,3.133,0.1521,0.1315,0.2987,0.3135
95,3.167,0.1499,0.1313,0.2968,0.3135
96,3.2,0.1501,0.1305,0.2969,0.3136
97,3.233,0.1501,0.1306,0.2969,0.3136
98,3.267,0.1501,0.1307,0.2968,0.3137
99,3.3,0.1507,0.1307,0.297,0.3137
100,3.333,0.151,0.1307,0.2972,0.3137
101,3.367,0.1609,0.1358,0.3169,0.3236
102,3.4,0.1665,0.1415,0.3296,0.3368
103,3.433,0.1775,0.1396,0.3444,0.355
104,3.467,0.1767,0.1424,0.3559,0.3784
105,3.5,0.1798,0.1554,0.3853,0.4205
106,3.533,0.1811,0.1645,0.4144,0.4398
107,3.567,0.1878,0.1716,0.4838,0.4699
108,3.6,0.2013,0.195,0.5563,0.4815
109,3.633,0.2461,0.2261,0.6266,0.5454
110,3.667,0.3112,0.2894,0.6983,0.6063
111,3.7,0.4206,0.3645,0.738,0.6679
112,3.733,0.5244,0.4738,0.787,0.7329
113,3.767,0.5883,0.5095,0.822,0.7392
114,3.8,0.6532,0.5287,0.8475,0.7783
115,3.833,0.803,0.6581,0.9086,0.8363
116,3.867,0.9211,0.7853,0.9629,0.891
117,3.9,0.9473,0.8438,0.9894,0.9247
118,3.933,0.9473,0.8438,0.9894,0.9247
119,3.967,1.0342,0.9795,1.0424,0.9645
120,4.0,1.0342,0.9795,1.0424,0.9657
121,4.033,1.0344,0.9821,1.0425,0.9679
122,4.067,1.0344,0.9821,1.0425,0.9679
123,4.1,1.0344,0.9821,1.0425,0.9679
124,4.133,1.0344,0.9821,1.0425,0.9679
125,4.167,1.0268,0.9823,1.0425,0.9681
126,4.2,1.0268,0.9823,1.0425,0.9681
127,4.233,1.0269,0.9823,1.0425,0.9681
128,4.267,1.0269,0.9823,1.0425,0.9681
129,4.3,1.0269,0.9823,1.0425,0.9681
130,4.333,1.0269,0.9823,1.0425,0.9681
131,4.367,1.0269,0.9823,1.0425,0.9681
132,4.4,1.0269,0.9823,1.0425,0.9681
133,4.433,1.0269,0.9823,1.0425,0.9681
134,4.467,1.0269,0.9823,1.0425,0.9681
135,4.5,1.0269,0.9823,1.0425,0.9681
136,4.533,1.0269,0.9823,1.0425,0.9681
137,4.567,1.0269,0.9823,1.0425,0.9681
