pair,listing_id_DOGRULANMADI,ig_caption,fb_caption,fb_first_comment
AQUARIUS_AQUARIUS,4570110121,"Aquarius & Aquarius personalized zodiac couple print.
Two Aquarians, a hundred big ideas, one shared future.
Your shared sign becomes one original symbol, with both your names and a short line of your own.
A printed keepsake for anniversaries, weddings, or just because.
Which one of you comes up with the wild plans?
Link in bio: AstroLoveArt on Etsy
#aquariusaquarius #zodiaccouple #couplegift #personalizedgift #anniversarygift","Aquarius & Aquarius personalized zodiac couple print.
Two Aquarians, a hundred big ideas, one shared future.
Your shared sign becomes one original symbol, with both your names and a short line of your own.
A printed keepsake for anniversaries, weddings, or just because.
Which one of you comes up with the wild plans?
Shop link in the first comment.
#aquariusaquarius #zodiaccouple #couplegift",Find Aquarius & Aquarius in our Etsy shop: https://www.etsy.com/listing/4570110121
AQUARIUS_ARIES,4570110641,"Aquarius & Aries personalized zodiac couple print.
Aries starts it, Aquarius reinvents it.
We merged both signs into one original symbol, then added your names under each sign and a short line of your own.
A printed keepsake made for the two of you.
Who suggests the next adventure?
Link in bio: AstroLoveArt on Etsy
#aquariusaries #zodiaccouple #couplegift #personalizedgift #astrologyart","Aquarius & Aries personalized zodiac couple print.
Aries starts it, Aquarius reinvents it.
We merged both signs into one original symbol, then added your names under each sign and a short line of your own.
A printed keepsake made for the two of you.
Who suggests the next adventure?
Shop link in the first comment.
#aquariusaries #zodiaccouple #couplegift",Find Aquarius & Aries in our Etsy shop: https://www.etsy.com/listing/4570110641
AQUARIUS_CANCER,4570125580,"Aquarius & Cancer personalized zodiac couple print.
Cancer brings the home. Aquarius brings the open window.
We merged both signs into one original symbol, then added your names under each sign and a short line of your own.
A printed gift for an engagement, a wedding, or a first home together.
Which one of you is the homebody?
Link in bio: AstroLoveArt on Etsy
#aquariuscancer #zodiaccouple #couplegift #personalizedgift #weddinggift","Aquarius & Cancer personalized zodiac couple print.
Cancer brings the home. Aquarius brings the open window.
We merged both signs into one original symbol, then added your names under each sign and a short line of your own.
A printed gift for an engagement, a wedding, or a first home together.
Which one of you is the homebody?
Shop link in the first comment.
#aquariuscancer #zodiaccouple #couplegift",Find Aquarius & Cancer in our Etsy shop: https://www.etsy.com/listing/4570125580
AQUARIUS_CAPRICORN,4570126104,"Aquarius & Capricorn personalized zodiac couple print.
Capricorn builds the plan. Aquarius makes it better.
We merged both signs into one original symbol, then added your names under each sign and a short line of your own.
A printed keepsake for anniversaries, weddings, or just because.
Who makes the plans in your house?
Link in bio: AstroLoveArt on Etsy
#aquariuscapricorn #zodiaccouple #couplegift #personalizedgift #anniversarygift","Aquarius & Capricorn personalized zodiac couple print.
Capricorn builds the plan. Aquarius makes it better.
We merged both signs into one original symbol, then added your names under each sign and a short line of your own.
A printed keepsake for anniversaries, weddings, or just because.
Who makes the plans in your house?
Shop link in the first comment.
#aquariuscapricorn #zodiaccouple #couplegift",Find Aquarius & Capricorn in our Etsy shop: https://www.etsy.com/listing/4570126104
AQUARIUS_GEMINI,4570112095,"Aquarius & Gemini personalized zodiac couple print.
Air meets air, and the conversation never ends.
We merged both signs into one original symbol, then added your names under each sign and a short line of your own.
A printed keepsake made for the two of you.
Who has the last word, Aquarius or Gemini?
Link in bio: AstroLoveArt on Etsy
#aquariusgemini #zodiaccouple #couplegift #personalizedgift #astrologyart","Aquarius & Gemini personalized zodiac couple print.
Air meets air, and the conversation never ends.
We merged both signs into one original symbol, then added your names under each sign and a short line of your own.
A printed keepsake made for the two of you.
Who has the last word, Aquarius or Gemini?
Shop link in the first comment.
#aquariusgemini #zodiaccouple #couplegift",Find Aquarius & Gemini in our Etsy shop: https://www.etsy.com/listing/4570112095
AQUARIUS_LEO,4570127160,"Aquarius & Leo personalized zodiac couple print.
Opposite signs, one bright orbit.
We merged both signs into one original symbol, then added your names under each sign and a short line of your own.
A printed gift for an engagement, a wedding, or a first home together.
Who loves the spotlight more?
Link in bio: AstroLoveArt on Etsy
#aquariusleo #zodiaccouple #couplegift #personalizedgift #weddinggift","Aquarius & Leo personalized zodiac couple print.
Opposite signs, one bright orbit.
We merged both signs into one original symbol, then added your names under each sign and a short line of your own.
A printed gift for an engagement, a wedding, or a first home together.
Who loves the spotlight more?
Shop link in the first comment.
#aquariusleo #zodiaccouple #couplegift",Find Aquarius & Leo in our Etsy shop: https://www.etsy.com/listing/4570127160
AQUARIUS_LIBRA,4570113157,"Aquarius & Libra personalized zodiac couple print.
Libra brings the charm, Aquarius brings the spark.
We merged both signs into one original symbol, then added your names under each sign and a short line of your own.
A printed keepsake for anniversaries, weddings, or just because.
Who picks the restaurant, Libra or Aquarius?
Link in bio: AstroLoveArt on Etsy
#aquariuslibra #zodiaccouple #couplegift #personalizedgift #anniversarygift","Aquarius & Libra personalized zodiac couple print.
Libra brings the charm, Aquarius brings the spark.
We merged both signs into one original symbol, then added your names under each sign and a short line of your own.
A printed keepsake for anniversaries, weddings, or just because.
Who picks the restaurant, Libra or Aquarius?
Shop link in the first comment.
#aquariuslibra #zodiaccouple #couplegift",Find Aquarius & Libra in our Etsy shop: https://www.etsy.com/listing/4570113157
AQUARIUS_PISCES,4570113675,"Aquarius & Pisces personalized zodiac couple print.
One dreams in color, one dreams in ideas.
We merged both signs into one original symbol, then added your names under each sign and a short line of your own.
A printed keepsake made for the two of you.
Which one of you is the daydreamer?
Link in bio: AstroLoveArt on Etsy
#aquariuspisces #zodiaccouple #couplegift #personalizedgift #astrologyart","Aquarius & Pisces personalized zodiac couple print.
One dreams in color, one dreams in ideas.
We merged both signs into one original symbol, then added your names under each sign and a short line of your own.
A printed keepsake made for the two of you.
Which one of you is the daydreamer?
Shop link in the first comment.
#aquariuspisces #zodiaccouple #couplegift",Find Aquarius & Pisces in our Etsy shop: https://www.etsy.com/listing/4570113675
AQUARIUS_SAGITTARIUS,4570128546,"Aquarius & Sagittarius personalized zodiac couple print.
Two free spirits who chose the same road.
We merged both signs into one original symbol, then added your names under each sign and a short line of your own.
A printed gift for an engagement, a wedding, or a first home together.
Where would you two go tomorrow if you could?
Link in bio: AstroLoveArt on Etsy
#aquariussagittarius #zodiaccouple #couplegift #personalizedgift #weddinggift","Aquarius & Sagittarius personalized zodiac couple print.
Two free spirits who chose the same road.
We merged both signs into one original symbol, then added your names under each sign and a short line of your own.
A printed gift for an engagement, a wedding, or a first home together.
Where would you two go tomorrow if you could?
Shop link in the first comment.
#aquariussagittarius #zodiaccouple #couplegift",Find Aquarius & Sagittarius in our Etsy shop: https://www.etsy.com/listing/4570128546
AQUARIUS_SCORPIO,4570114301,"Aquarius & Scorpio personalized zodiac couple print.
Scorpio goes deep, Aquarius goes far. Somehow you meet in the middle.
We merged both signs into one original symbol, then added your names under each sign and a short line of your own.
A printed keepsake for anniversaries, weddings, or just because.
Who keeps the secrets in your house?
Link in bio: AstroLoveArt on Etsy
#aquariusscorpio #zodiaccouple #couplegift #personalizedgift #anniversarygift","Aquarius & Scorpio personalized zodiac couple print.
Scorpio goes deep, Aquarius goes far. Somehow you meet in the middle.
We merged both signs into one original symbol, then added your names under each sign and a short line of your own.
A printed keepsake for anniversaries, weddings, or just because.
Who keeps the secrets in your house?
Shop link in the first comment.
#aquariusscorpio #zodiaccouple #couplegift",Find Aquarius & Scorpio in our Etsy shop: https://www.etsy.com/listing/4570114301
AQUARIUS_TAURUS,4570150148,"Aquarius & Taurus personalized zodiac couple print.
Taurus keeps it steady, Aquarius keeps it interesting.
We merged both signs into one original symbol, then added your names under each sign and a short line of your own.
A printed keepsake made for the two of you.
Who is the more stubborn one?
Link in bio: AstroLoveArt on Etsy
#aquariustaurus #zodiaccouple #couplegift #personalizedgift #astrologyart","Aquarius & Taurus personalized zodiac couple print.
Taurus keeps it steady, Aquarius keeps it interesting.
We merged both signs into one original symbol, then added your names under each sign and a short line of your own.
A printed keepsake made for the two of you.
Who is the more stubborn one?
Shop link in the first comment.
#aquariustaurus #zodiaccouple #couplegift",Find Aquarius & Taurus in our Etsy shop: https://www.etsy.com/listing/4570150148
AQUARIUS_VIRGO,4570136319,"Aquarius & Virgo personalized zodiac couple print.
Virgo perfects the details, Aquarius dreams up the big picture.
We merged both signs into one original symbol, then added your names under each sign and a short line of your own.
A printed gift for an engagement, a wedding, or a first home together.
Who notices the small things?
Link in bio: AstroLoveArt on Etsy
#aquariusvirgo #zodiaccouple #couplegift #personalizedgift #weddinggift","Aquarius & Virgo personalized zodiac couple print.
Virgo perfects the details, Aquarius dreams up the big picture.
We merged both signs into one original symbol, then added your names under each sign and a short line of your own.
A printed gift for an engagement, a wedding, or a first home together.
Who notices the small things?
Shop link in the first comment.
#aquariusvirgo #zodiaccouple #couplegift",Find Aquarius & Virgo in our Etsy shop: https://www.etsy.com/listing/4570136319
ARIES_ARIES,4570151370,"Aries & Aries personalized zodiac couple print.
Two Aries, double the fire, zero boring days.
Your shared sign becomes one original symbol, with both your names and a short line of your own.
A printed keepsake for anniversaries, weddings, or just because.
Who wins the race to the door?
Link in bio: AstroLoveArt on Etsy
#ariesaries #zodiaccouple #couplegift #personalizedgift #anniversarygift","Aries & Aries personalized zodiac couple print.
Two Aries, double the fire, zero boring days.
Your shared sign becomes one original symbol, with both your names and a short line of your own.
A printed keepsake for anniversaries, weddings, or just because.
Who wins the race to the door?
Shop link in the first comment.
#ariesaries #zodiaccouple #couplegift",Find Aries & Aries in our Etsy shop: https://www.etsy.com/listing/4570151370
ARIES_CANCER,4570151950,"Aries & Cancer personalized zodiac couple print.
Aries leads the way, Cancer makes it feel like home.
We merged both signs into one original symbol, then added your names under each sign and a short line of your own.
A printed keepsake made for the two of you.
Which one of you is the protector?
Link in bio: AstroLoveArt on Etsy
#ariescancer #zodiaccouple #couplegift #personalizedgift #astrologyart","Aries & Cancer personalized zodiac couple print.
Aries leads the way, Cancer makes it feel like home.
We merged both signs into one original symbol, then added your names under each sign and a short line of your own.
A printed keepsake made for the two of you.
Which one of you is the protector?
Shop link in the first comment.
#ariescancer #zodiaccouple #couplegift",Find Aries & Cancer in our Etsy shop: https://www.etsy.com/listing/4570151950
ARIES_CAPRICORN,4570152410,"Aries & Capricorn personalized zodiac couple print.
Aries says now, Capricorn says the right way. Together you get there.
We merged both signs into one original symbol, then added your names under each sign and a short line of your own.
A printed gift for an engagement, a wedding, or a first home together.
Who is more impatient, Aries or Capricorn?
Link in bio: AstroLoveArt on Etsy
#ariescapricorn #zodiaccouple #couplegift #personalizedgift #weddinggift","Aries & Capricorn personalized zodiac couple print.
Aries says now, Capricorn says the right way. Together you get there.
We merged both signs into one original symbol, then added your names under each sign and a short line of your own.
A printed gift for an engagement, a wedding, or a first home together.
Who is more impatient, Aries or Capricorn?
Shop link in the first comment.
#ariescapricorn #zodiaccouple #couplegift",Find Aries & Capricorn in our Etsy shop: https://www.etsy.com/listing/4570152410
ARIES_GEMINI,4570152820,"Aries & Gemini personalized zodiac couple print.
Fast feet, quick words, never a dull day.
We merged both signs into one original symbol, then added your names under each sign and a short line of your own.
A printed keepsake for anniversaries, weddings, or just because.
Who talks the other into the plan?
Link in bio: AstroLoveArt on Etsy
#ariesgemini #zodiaccouple #couplegift #personalizedgift #anniversarygift","Aries & Gemini personalized zodiac couple print.
Fast feet, quick words, never a dull day.
We merged both signs into one original symbol, then added your names under each sign and a short line of your own.
A printed keepsake for anniversaries, weddings, or just because.
Who talks the other into the plan?
Shop link in the first comment.
#ariesgemini #zodiaccouple #couplegift",Find Aries & Gemini in our Etsy shop: https://www.etsy.com/listing/4570152820
ARIES_LEO,4570031205,"Aries & Leo personalized zodiac couple print.
Two fire signs, one warm glow.
We merged both signs into one original symbol, then added your names under each sign and a short line of your own.
A printed keepsake made for the two of you.
Who gets louder at game night?
Link in bio: AstroLoveArt on Etsy
#ariesleo #zodiaccouple #couplegift #personalizedgift #astrologyart","Aries & Leo personalized zodiac couple print.
Two fire signs, one warm glow.
We merged both signs into one original symbol, then added your names under each sign and a short line of your own.
A printed keepsake made for the two of you.
Who gets louder at game night?
Shop link in the first comment.
#ariesleo #zodiaccouple #couplegift",Find Aries & Leo in our Etsy shop: https://www.etsy.com/listing/4570031205
ARIES_LIBRA,4570153208,"Aries & Libra personalized zodiac couple print.
Opposite signs that pull each other closer.
We merged both signs into one original symbol, then added your names under each sign and a short line of your own.
A printed gift for an engagement, a wedding, or a first home together.
Who decides faster, Aries or Libra?
Link in bio: AstroLoveArt on Etsy
#arieslibra #zodiaccouple #couplegift #personalizedgift #weddinggift","Aries & Libra personalized zodiac couple print.
Opposite signs that pull each other closer.
We merged both signs into one original symbol, then added your names under each sign and a short line of your own.
A printed gift for an engagement, a wedding, or a first home together.
Who decides faster, Aries or Libra?
Shop link in the first comment.
#arieslibra #zodiaccouple #couplegift",Find Aries & Libra in our Etsy shop: https://www.etsy.com/listing/4570153208
ARIES_PISCES,4570138967,"Aries & Pisces personalized zodiac couple print.
Aries brings the courage, Pisces brings the magic.
We merged both signs into one original symbol, then added your names under each sign and a short line of your own.
A printed keepsake for anniversaries, weddings, or just because.
Who is the romantic one?
Link in bio: AstroLoveArt on Etsy
#ariespisces #zodiaccouple #couplegift #personalizedgift #anniversarygift","Aries & Pisces personalized zodiac couple print.
Aries brings the courage, Pisces brings the magic.
We merged both signs into one original symbol, then added your names under each sign and a short line of your own.
A printed keepsake for anniversaries, weddings, or just because.
Who is the romantic one?
Shop link in the first comment.
#ariespisces #zodiaccouple #couplegift",Find Aries & Pisces in our Etsy shop: https://www.etsy.com/listing/4570138967
ARIES_SAGITTARIUS,4570154042,"Aries & Sagittarius personalized zodiac couple print.
Fire and fire, always ready for the next adventure.
We merged both signs into one original symbol, then added your names under each sign and a short line of your own.
A printed keepsake made for the two of you.
Who books the trip first?
Link in bio: AstroLoveArt on Etsy
#ariessagittarius #zodiaccouple #couplegift #personalizedgift #astrologyart","Aries & Sagittarius personalized zodiac couple print.
Fire and fire, always ready for the next adventure.
We merged both signs into one original symbol, then added your names under each sign and a short line of your own.
A printed keepsake made for the two of you.
Who books the trip first?
Shop link in the first comment.
#ariessagittarius #zodiaccouple #couplegift",Find Aries & Sagittarius in our Etsy shop: https://www.etsy.com/listing/4570154042
ARIES_SCORPIO,4570139913,"Aries & Scorpio personalized zodiac couple print.
Fire meets deep water. Nobody said it would be calm.
We merged both signs into one original symbol, then added your names under each sign and a short line of your own.
A printed gift for an engagement, a wedding, or a first home together.
Aries or Scorpio, who wins the arguments?
Link in bio: AstroLoveArt on Etsy
#ariesscorpio #zodiaccouple #couplegift #personalizedgift #weddinggift","Aries & Scorpio personalized zodiac couple print.
Fire meets deep water. Nobody said it would be calm.
We merged both signs into one original symbol, then added your names under each sign and a short line of your own.
A printed gift for an engagement, a wedding, or a first home together.
Aries or Scorpio, who wins the arguments?
Shop link in the first comment.
#ariesscorpio #zodiaccouple #couplegift",Find Aries & Scorpio in our Etsy shop: https://www.etsy.com/listing/4570139913
ARIES_TAURUS,4570140539,"Aries & Taurus personalized zodiac couple print.
Aries runs, Taurus takes its time. You still arrive together.
We merged both signs into one original symbol, then added your names under each sign and a short line of your own.
A printed keepsake for anniversaries, weddings, or just because.
Who is always running late?
Link in bio: AstroLoveArt on Etsy
#ariestaurus #zodiaccouple #couplegift #personalizedgift #anniversarygift","Aries & Taurus personalized zodiac couple print.
Aries runs, Taurus takes its time. You still arrive together.
We merged both signs into one original symbol, then added your names under each sign and a short line of your own.
A printed keepsake for anniversaries, weddings, or just because.
Who is always running late?
Shop link in the first comment.
#ariestaurus #zodiaccouple #couplegift",Find Aries & Taurus in our Etsy shop: https://www.etsy.com/listing/4570140539
ARIES_VIRGO,4570155846,"Aries & Virgo personalized zodiac couple print.
Aries jumps in, Virgo checks the plan. It works.
We merged both signs into one original symbol, then added your names under each sign and a short line of your own.
A printed keepsake made for the two of you.
Who reads the instructions?
Link in bio: AstroLoveArt on Etsy
#ariesvirgo #zodiaccouple #couplegift #personalizedgift #astrologyart","Aries & Virgo personalized zodiac couple print.
Aries jumps in, Virgo checks the plan. It works.
We merged both signs into one original symbol, then added your names under each sign and a short line of your own.
A printed keepsake made for the two of you.
Who reads the instructions?
Shop link in the first comment.
#ariesvirgo #zodiaccouple #couplegift",Find Aries & Virgo in our Etsy shop: https://www.etsy.com/listing/4570155846
CANCER_CANCER,4570141945,"Cancer & Cancer personalized zodiac couple print.
Two Cancers, one cozy home, endless care.
Your shared sign becomes one original symbol, with both your names and a short line of your own.
A printed gift for an engagement, a wedding, or a first home together.
Who makes the best comfort food?
Link in bio: AstroLoveArt on Etsy
#cancercancer #zodiaccouple #couplegift #personalizedgift #weddinggift","Cancer & Cancer personalized zodiac couple print.
Two Cancers, one cozy home, endless care.
Your shared sign becomes one original symbol, with both your names and a short line of your own.
A printed gift for an engagement, a wedding, or a first home together.
Who makes the best comfort food?
Shop link in the first comment.
#cancercancer #zodiaccouple #couplegift",Find Cancer & Cancer in our Etsy shop: https://www.etsy.com/listing/4570141945
CANCER_CAPRICORN,4570157258,"Cancer & Capricorn personalized zodiac couple print.
Cancer holds the heart, Capricorn holds the plan.
We merged both signs into one original symbol, then added your names under each sign and a short line of your own.
A printed keepsake for anniversaries, weddings, or just because.
Who is the planner in your home?
Link in bio: AstroLoveArt on Etsy
#cancercapricorn #zodiaccouple #couplegift #personalizedgift #anniversarygift","Cancer & Capricorn personalized zodiac couple print.
Cancer holds the heart, Capricorn holds the plan.
We merged both signs into one original symbol, then added your names under each sign and a short line of your own.
A printed keepsake for anniversaries, weddings, or just because.
Who is the planner in your home?
Shop link in the first comment.
#cancercapricorn #zodiaccouple #couplegift",Find Cancer & Capricorn in our Etsy shop: https://www.etsy.com/listing/4570157258
CANCER_GEMINI,4570157716,"Cancer & Gemini personalized zodiac couple print.
Gemini keeps you laughing, Cancer keeps you close.
We merged both signs into one original symbol, then added your names under each sign and a short line of your own.
A printed keepsake made for the two of you.
Who tells the better stories?
Link in bio: AstroLoveArt on Etsy
#cancergemini #zodiaccouple #couplegift #personalizedgift #astrologyart","Cancer & Gemini personalized zodiac couple print.
Gemini keeps you laughing, Cancer keeps you close.
We merged both signs into one original symbol, then added your names under each sign and a short line of your own.
A printed keepsake made for the two of you.
Who tells the better stories?
Shop link in the first comment.
#cancergemini #zodiaccouple #couplegift",Find Cancer & Gemini in our Etsy shop: https://www.etsy.com/listing/4570157716
CANCER_LEO,4570143387,"Cancer & Leo personalized zodiac couple print.
A soft Cancer heart meets warm Leo light.
We merged both signs into one original symbol, then added your names under each sign and a short line of your own.
A printed gift for an engagement, a wedding, or a first home together.
Who is the bigger romantic?
Link in bio: AstroLoveArt on Etsy
#cancerleo #zodiaccouple #couplegift #personalizedgift #weddinggift","Cancer & Leo personalized zodiac couple print.
A soft Cancer heart meets warm Leo light.
We merged both signs into one original symbol, then added your names under each sign and a short line of your own.
A printed gift for an engagement, a wedding, or a first home together.
Who is the bigger romantic?
Shop link in the first comment.
#cancerleo #zodiaccouple #couplegift",Find Cancer & Leo in our Etsy shop: https://www.etsy.com/listing/4570143387
CANCER_LIBRA,4570143815,"Cancer & Libra personalized zodiac couple print.
Cancer feels everything. Libra keeps the balance.
We merged both signs into one original symbol, then added your names under each sign and a short line of your own.
A printed keepsake for anniversaries, weddings, or just because.
Which one of you is the Cancer?
Link in bio: AstroLoveArt on Etsy
#cancerlibra #zodiaccouple #couplegift #personalizedgift #anniversarygift","Cancer & Libra personalized zodiac couple print.
Cancer feels everything. Libra keeps the balance.
We merged both signs into one original symbol, then added your names under each sign and a short line of your own.
A printed keepsake for anniversaries, weddings, or just because.
Which one of you is the Cancer?
Shop link in the first comment.
#cancerlibra #zodiaccouple #couplegift",Find Cancer & Libra in our Etsy shop: https://www.etsy.com/listing/4570143815
CANCER_PISCES,4570144239,"Cancer & Pisces personalized zodiac couple print.
Two water signs that understand each other without a word.
We merged both signs into one original symbol, then added your names under each sign and a short line of your own.
A printed keepsake made for the two of you.
Who cries first at movies?
Link in bio: AstroLoveArt on Etsy
#cancerpisces #zodiaccouple #couplegift #personalizedgift #astrologyart","Cancer & Pisces personalized zodiac couple print.
Two water signs that understand each other without a word.
We merged both signs into one original symbol, then added your names under each sign and a short line of your own.
A printed keepsake made for the two of you.
Who cries first at movies?
Shop link in the first comment.
#cancerpisces #zodiaccouple #couplegift",Find Cancer & Pisces in our Etsy shop: https://www.etsy.com/listing/4570144239
CANCER_SAGITTARIUS,4570144663,"Cancer & Sagittarius personalized zodiac couple print.
Sagittarius brings the stories, Cancer brings the home to tell them in.
We merged both signs into one original symbol, then added your names under each sign and a short line of your own.
A printed gift for an engagement, a wedding, or a first home together.
Who wants to travel more?
Link in bio: AstroLoveArt on Etsy
#cancersagittarius #zodiaccouple #couplegift #personalizedgift #weddinggift","Cancer & Sagittarius personalized zodiac couple print.
Sagittarius brings the stories, Cancer brings the home to tell them in.
We merged both signs into one original symbol, then added your names under each sign and a short line of your own.
A printed gift for an engagement, a wedding, or a first home together.
Who wants to travel more?
Shop link in the first comment.
#cancersagittarius #zodiaccouple #couplegift",Find Cancer & Sagittarius in our Etsy shop: https://www.etsy.com/listing/4570144663
CANCER_SCORPIO,4570145103,"Cancer & Scorpio personalized zodiac couple print.
Two water signs, one deep current.
We merged both signs into one original symbol, then added your names under each sign and a short line of your own.
A printed keepsake for anniversaries, weddings, or just because.
Who remembers every date?
Link in bio: AstroLoveArt on Etsy
#cancerscorpio #zodiaccouple #couplegift #personalizedgift #anniversarygift","Cancer & Scorpio personalized zodiac couple print.
Two water signs, one deep current.
We merged both signs into one original symbol, then added your names under each sign and a short line of your own.
A printed keepsake for anniversaries, weddings, or just because.
Who remembers every date?
Shop link in the first comment.
#cancerscorpio #zodiaccouple #couplegift",Find Cancer & Scorpio in our Etsy shop: https://www.etsy.com/listing/4570145103
CANCER_TAURUS,4570160260,"Cancer & Taurus personalized zodiac couple print.
Cancer and Taurus, the coziest pair in the zodiac.
We merged both signs into one original symbol, then added your names under each sign and a short line of your own.
A printed keepsake made for the two of you.
Who is in charge of dinner?
Link in bio: AstroLoveArt on Etsy
#cancertaurus #zodiaccouple #couplegift #personalizedgift #astrologyart","Cancer & Taurus personalized zodiac couple print.
Cancer and Taurus, the coziest pair in the zodiac.
We merged both signs into one original symbol, then added your names under each sign and a short line of your own.
A printed keepsake made for the two of you.
Who is in charge of dinner?
Shop link in the first comment.
#cancertaurus #zodiaccouple #couplegift",Find Cancer & Taurus in our Etsy shop: https://www.etsy.com/listing/4570160260
CANCER_VIRGO,4570160676,"Cancer & Virgo personalized zodiac couple print.
Cancer cares, Virgo takes care. A quiet kind of perfect.
We merged both signs into one original symbol, then added your names under each sign and a short line of your own.
A printed gift for an engagement, a wedding, or a first home together.
Who remembers the little things?
Link in bio: AstroLoveArt on Etsy
#cancervirgo #zodiaccouple #couplegift #personalizedgift #weddinggift","Cancer & Virgo personalized zodiac couple print.
Cancer cares, Virgo takes care. A quiet kind of perfect.
We merged both signs into one original symbol, then added your names under each sign and a short line of your own.
A printed gift for an engagement, a wedding, or a first home together.
Who remembers the little things?
Shop link in the first comment.
#cancervirgo #zodiaccouple #couplegift",Find Cancer & Virgo in our Etsy shop: https://www.etsy.com/listing/4570160676
CAPRICORN_CAPRICORN,4570161266,"Capricorn & Capricorn personalized zodiac couple print.
Two Capricorns, one big plan, and you will make it happen.
Your shared sign becomes one original symbol, with both your names and a short line of your own.
A printed keepsake for anniversaries, weddings, or just because.
Who writes the lists?
Link in bio: AstroLoveArt on Etsy
#capricorncapricorn #zodiaccouple #couplegift #personalizedgift #anniversarygift","Capricorn & Capricorn personalized zodiac couple print.
Two Capricorns, one big plan, and you will make it happen.
Your shared sign becomes one original symbol, with both your names and a short line of your own.
A printed keepsake for anniversaries, weddings, or just because.
Who writes the lists?
Shop link in the first comment.
#capricorncapricorn #zodiaccouple #couplegift",Find Capricorn & Capricorn in our Etsy shop: https://www.etsy.com/listing/4570161266
CAPRICORN_GEMINI,4570147149,"Capricorn & Gemini personalized zodiac couple print.
Gemini brings the ideas, Capricorn turns them into plans.
We merged both signs into one original symbol, then added your names under each sign and a short line of your own.
A printed keepsake made for the two of you.
Who is the talker and who is the doer?
Link in bio: AstroLoveArt on Etsy
#capricorngemini #zodiaccouple #couplegift #personalizedgift #astrologyart","Capricorn & Gemini personalized zodiac couple print.
Gemini brings the ideas, Capricorn turns them into plans.
We merged both signs into one original symbol, then added your names under each sign and a short line of your own.
A printed keepsake made for the two of you.
Who is the talker and who is the doer?
Shop link in the first comment.
#capricorngemini #zodiaccouple #couplegift",Find Capricorn & Gemini in our Etsy shop: https://www.etsy.com/listing/4570147149
CAPRICORN_LEO,4570162562,"Capricorn & Leo personalized zodiac couple print.
Leo shines, Capricorn builds the stage.
We merged both signs into one original symbol, then added your names under each sign and a short line of your own.
A printed gift for an engagement, a wedding, or a first home together.
Who takes the lead?
Link in bio: AstroLoveArt on Etsy
#capricornleo #zodiaccouple #couplegift #personalizedgift #weddinggift","Capricorn & Leo personalized zodiac couple print.
Leo shines, Capricorn builds the stage.
We merged both signs into one original symbol, then added your names under each sign and a short line of your own.
A printed gift for an engagement, a wedding, or a first home together.
Who takes the lead?
Shop link in the first comment.
#capricornleo #zodiaccouple #couplegift",Find Capricorn & Leo in our Etsy shop: https://www.etsy.com/listing/4570162562
CAPRICORN_LIBRA,4570163164,"Capricorn & Libra personalized zodiac couple print.
Libra brings the grace, Capricorn brings the backbone.
We merged both signs into one original symbol, then added your names under each sign and a short line of your own.
A printed keepsake for anniversaries, weddings, or just because.
Who makes the final call?
Link in bio: AstroLoveArt on Etsy
#capricornlibra #zodiaccouple #couplegift #personalizedgift #anniversarygift","Capricorn & Libra personalized zodiac couple print.
Libra brings the grace, Capricorn brings the backbone.
We merged both signs into one original symbol, then added your names under each sign and a short line of your own.
A printed keepsake for anniversaries, weddings, or just because.
Who makes the final call?
Shop link in the first comment.
#capricornlibra #zodiaccouple #couplegift",Find Capricorn & Libra in our Etsy shop: https://www.etsy.com/listing/4570163164
CAPRICORN_PISCES,4570148769,"Capricorn & Pisces personalized zodiac couple print.
Pisces dreams it, Capricorn makes it real.
We merged both signs into one original symbol, then added your names under each sign and a short line of your own.
A printed keepsake made for the two of you.
Which one of you is the dreamer?
Link in bio: AstroLoveArt on Etsy
#capricornpisces #zodiaccouple #couplegift #personalizedgift #astrologyart","Capricorn & Pisces personalized zodiac couple print.
Pisces dreams it, Capricorn makes it real.
We merged both signs into one original symbol, then added your names under each sign and a short line of your own.
A printed keepsake made for the two of you.
Which one of you is the dreamer?
Shop link in the first comment.
#capricornpisces #zodiaccouple #couplegift",Find Capricorn & Pisces in our Etsy shop: https://www.etsy.com/listing/4570148769
CAPRICORN_SAGITTARIUS,4570163968,"Capricorn & Sagittarius personalized zodiac couple print.
Sagittarius chases the horizon, Capricorn climbs the mountain.
We merged both signs into one original symbol, then added your names under each sign and a short line of your own.
A printed gift for an engagement, a wedding, or a first home together.
Mountains or beaches for you two?
Link in bio: AstroLoveArt on Etsy
#capricornsagittarius #zodiaccouple #couplegift #personalizedgift #weddinggift","Capricorn & Sagittarius personalized zodiac couple print.
Sagittarius chases the horizon, Capricorn climbs the mountain.
We merged both signs into one original symbol, then added your names under each sign and a short line of your own.
A printed gift for an engagement, a wedding, or a first home together.
Mountains or beaches for you two?
Shop link in the first comment.
#capricornsagittarius #zodiaccouple #couplegift",Find Capricorn & Sagittarius in our Etsy shop: https://www.etsy.com/listing/4570163968
CAPRICORN_SCORPIO,4570149603,"Capricorn & Scorpio personalized zodiac couple print.
Quiet strength on both sides, and a loyalty that runs deep.
We merged both signs into one original symbol, then added your names under each sign and a short line of your own.
A printed keepsake for anniversaries, weddings, or just because.
Who is more loyal, or is it a tie?
Link in bio: AstroLoveArt on Etsy
#capricornscorpio #zodiaccouple #couplegift #personalizedgift #anniversarygift","Capricorn & Scorpio personalized zodiac couple print.
Quiet strength on both sides, and a loyalty that runs deep.
We merged both signs into one original symbol, then added your names under each sign and a short line of your own.
A printed keepsake for anniversaries, weddings, or just because.
Who is more loyal, or is it a tie?
Shop link in the first comment.
#capricornscorpio #zodiaccouple #couplegift",Find Capricorn & Scorpio in our Etsy shop: https://www.etsy.com/listing/4570149603
CAPRICORN_TAURUS,4570164962,"Capricorn & Taurus personalized zodiac couple print.
Two earth signs building something that lasts.
We merged both signs into one original symbol, then added your names under each sign and a short line of your own.
A printed keepsake made for the two of you.
Who is the better saver?
Link in bio: AstroLoveArt on Etsy
#capricorntaurus #zodiaccouple #couplegift #personalizedgift #astrologyart","Capricorn & Taurus personalized zodiac couple print.
Two earth signs building something that lasts.
We merged both signs into one original symbol, then added your names under each sign and a short line of your own.
A printed keepsake made for the two of you.
Who is the better saver?
Shop link in the first comment.
#capricorntaurus #zodiaccouple #couplegift",Find Capricorn & Taurus in our Etsy shop: https://www.etsy.com/listing/4570164962
CAPRICORN_VIRGO,4570165628,"Capricorn & Virgo personalized zodiac couple print.
Earth meets earth, and everything has its place.
We merged both signs into one original symbol, then added your names under each sign and a short line of your own.
A printed gift for an engagement, a wedding, or a first home together.
Who keeps the house in order?
Link in bio: AstroLoveArt on Etsy
#capricornvirgo #zodiaccouple #couplegift #personalizedgift #weddinggift","Capricorn & Virgo personalized zodiac couple print.
Earth meets earth, and everything has its place.
We merged both signs into one original symbol, then added your names under each sign and a short line of your own.
A printed gift for an engagement, a wedding, or a first home together.
Who keeps the house in order?
Shop link in the first comment.
#capricornvirgo #zodiaccouple #couplegift",Find Capricorn & Virgo in our Etsy shop: https://www.etsy.com/listing/4570165628
GEMINI_GEMINI,4570166282,"Gemini & Gemini personalized zodiac couple print.
Two Geminis means four opinions and endless fun.
Your shared sign becomes one original symbol, with both your names and a short line of your own.
A printed keepsake for anniversaries, weddings, or just because.
Who changes plans more often?
Link in bio: AstroLoveArt on Etsy
#geminigemini #zodiaccouple #couplegift #personalizedgift #anniversarygift","Gemini & Gemini personalized zodiac couple print.
Two Geminis means four opinions and endless fun.
Your shared sign becomes one original symbol, with both your names and a short line of your own.
A printed keepsake for anniversaries, weddings, or just because.
Who changes plans more often?
Shop link in the first comment.
#geminigemini #zodiaccouple #couplegift",Find Gemini & Gemini in our Etsy shop: https://www.etsy.com/listing/4570166282
GEMINI_LEO,4570152121,"Gemini & Leo personalized zodiac couple print.
Gemini brings the wit, Leo brings the warmth.
We merged both signs into one original symbol, then added your names under each sign and a short line of your own.
A printed keepsake made for the two of you.
Who is the life of the party?
Link in bio: AstroLoveArt on Etsy
#geminileo #zodiaccouple #couplegift #personalizedgift #astrologyart","Gemini & Leo personalized zodiac couple print.
Gemini brings the wit, Leo brings the warmth.
We merged both signs into one original symbol, then added your names under each sign and a short line of your own.
A printed keepsake made for the two of you.
Who is the life of the party?
Shop link in the first comment.
#geminileo #zodiaccouple #couplegift",Find Gemini & Leo in our Etsy shop: https://www.etsy.com/listing/4570152121
GEMINI_LIBRA,4570152561,"Gemini & Libra personalized zodiac couple print.
Two air signs, light and easy, never short of words.
We merged both signs into one original symbol, then added your names under each sign and a short line of your own.
A printed gift for an engagement, a wedding, or a first home together.
Who keeps the conversation going?
Link in bio: AstroLoveArt on Etsy
#geminilibra #zodiaccouple #couplegift #personalizedgift #weddinggift","Gemini & Libra personalized zodiac couple print.
Two air signs, light and easy, never short of words.
We merged both signs into one original symbol, then added your names under each sign and a short line of your own.
A printed gift for an engagement, a wedding, or a first home together.
Who keeps the conversation going?
Shop link in the first comment.
#geminilibra #zodiaccouple #couplegift",Find Gemini & Libra in our Etsy shop: https://www.etsy.com/listing/4570152561
GEMINI_PISCES,4570153015,"Gemini & Pisces personalized zodiac couple print.
Gemini thinks in words, Pisces feels in colors.
We merged both signs into one original symbol, then added your names under each sign and a short line of your own.
A printed keepsake for anniversaries, weddings, or just because.
Who is the storyteller?
Link in bio: AstroLoveArt on Etsy
#geminipisces #zodiaccouple #couplegift #personalizedgift #anniversarygift","Gemini & Pisces personalized zodiac couple print.
Gemini thinks in words, Pisces feels in colors.
We merged both signs into one original symbol, then added your names under each sign and a short line of your own.
A printed keepsake for anniversaries, weddings, or just because.
Who is the storyteller?
Shop link in the first comment.
#geminipisces #zodiaccouple #couplegift",Find Gemini & Pisces in our Etsy shop: https://www.etsy.com/listing/4570153015
GEMINI_SAGITTARIUS,4570153495,"Gemini & Sagittarius personalized zodiac couple print.
Opposite signs who never run out of stories.
We merged both signs into one original symbol, then added your names under each sign and a short line of your own.
A printed keepsake made for the two of you.
Who plans the next trip?
Link in bio: AstroLoveArt on Etsy
#geminisagittarius #zodiaccouple #couplegift #personalizedgift #astrologyart","Gemini & Sagittarius personalized zodiac couple print.
Opposite signs who never run out of stories.
We merged both signs into one original symbol, then added your names under each sign and a short line of your own.
A printed keepsake made for the two of you.
Who plans the next trip?
Shop link in the first comment.
#geminisagittarius #zodiaccouple #couplegift",Find Gemini & Sagittarius in our Etsy shop: https://www.etsy.com/listing/4570153495
GEMINI_SCORPIO,4570154049,"Gemini & Scorpio personalized zodiac couple print.
Gemini asks the questions, Scorpio knows the answers.
We merged both signs into one original symbol, then added your names under each sign and a short line of your own.
A printed gift for an engagement, a wedding, or a first home together.
Who is harder to read?
Link in bio: AstroLoveArt on Etsy
#geminiscorpio #zodiaccouple #couplegift #personalizedgift #weddinggift","Gemini & Scorpio personalized zodiac couple print.
Gemini asks the questions, Scorpio knows the answers.
We merged both signs into one original symbol, then added your names under each sign and a short line of your own.
A printed gift for an engagement, a wedding, or a first home together.
Who is harder to read?
Shop link in the first comment.
#geminiscorpio #zodiaccouple #couplegift",Find Gemini & Scorpio in our Etsy shop: https://www.etsy.com/listing/4570154049
GEMINI_TAURUS,4570169354,"Gemini & Taurus personalized zodiac couple print.
Taurus keeps it grounded, Gemini keeps it moving.
We merged both signs into one original symbol, then added your names under each sign and a short line of your own.
A printed keepsake for anniversaries, weddings, or just because.
Who chooses the movie?
Link in bio: AstroLoveArt on Etsy
#geminitaurus #zodiaccouple #couplegift #personalizedgift #anniversarygift","Gemini & Taurus personalized zodiac couple print.
Taurus keeps it grounded, Gemini keeps it moving.
We merged both signs into one original symbol, then added your names under each sign and a short line of your own.
A printed keepsake for anniversaries, weddings, or just because.
Who chooses the movie?
Shop link in the first comment.
#geminitaurus #zodiaccouple #couplegift",Find Gemini & Taurus in our Etsy shop: https://www.etsy.com/listing/4570169354
GEMINI_VIRGO,4570155327,"Gemini & Virgo personalized zodiac couple print.
Two Mercury signs, both sharp, both curious.
We merged both signs into one original symbol, then added your names under each sign and a short line of your own.
A printed keepsake made for the two of you.
Who wins the word games?
Link in bio: AstroLoveArt on Etsy
#geminivirgo #zodiaccouple #couplegift #personalizedgift #astrologyart","Gemini & Virgo personalized zodiac couple print.
Two Mercury signs, both sharp, both curious.
We merged both signs into one original symbol, then added your names under each sign and a short line of your own.
A printed keepsake made for the two of you.
Who wins the word games?
Shop link in the first comment.
#geminivirgo #zodiaccouple #couplegift",Find Gemini & Virgo in our Etsy shop: https://www.etsy.com/listing/4570155327
LEO_LEO,4570155945,"Leo & Leo personalized zodiac couple print.
Two Leos, one spotlight, and somehow it works.
Your shared sign becomes one original symbol, with both your names and a short line of your own.
A printed gift for an engagement, a wedding, or a first home together.
Who gets the bigger spotlight at home?
Link in bio: AstroLoveArt on Etsy
#leoleo #zodiaccouple #couplegift #personalizedgift #weddinggift","Leo & Leo personalized zodiac couple print.
Two Leos, one spotlight, and somehow it works.
Your shared sign becomes one original symbol, with both your names and a short line of your own.
A printed gift for an engagement, a wedding, or a first home together.
Who gets the bigger spotlight at home?
Shop link in the first comment.
#leoleo #zodiaccouple #couplegift",Find Leo & Leo in our Etsy shop: https://www.etsy.com/listing/4570155945
LEO_LIBRA,4570198669,"Leo & Libra personalized zodiac couple print.
Leo's fire, Libra's grace, one beautiful match.
We merged both signs into one original symbol, then added your names under each sign and a short line of your own.
A printed keepsake for anniversaries, weddings, or just because.
Who takes longer to get ready?
Link in bio: AstroLoveArt on Etsy
#leolibra #zodiaccouple #couplegift #personalizedgift #anniversarygift","Leo & Libra personalized zodiac couple print.
Leo's fire, Libra's grace, one beautiful match.
We merged both signs into one original symbol, then added your names under each sign and a short line of your own.
A printed keepsake for anniversaries, weddings, or just because.
Who takes longer to get ready?
Shop link in the first comment.
#leolibra #zodiaccouple #couplegift",Find Leo & Libra in our Etsy shop: https://www.etsy.com/listing/4570198669
LEO_PISCES,4570199091,"Leo & Pisces personalized zodiac couple print.
Leo leads with heart, Pisces follows with soul.
We merged both signs into one original symbol, then added your names under each sign and a short line of your own.
A printed keepsake made for the two of you.
Who is the bigger dreamer?
Link in bio: AstroLoveArt on Etsy
#leopisces #zodiaccouple #couplegift #personalizedgift #astrologyart","Leo & Pisces personalized zodiac couple print.
Leo leads with heart, Pisces follows with soul.
We merged both signs into one original symbol, then added your names under each sign and a short line of your own.
A printed keepsake made for the two of you.
Who is the bigger dreamer?
Shop link in the first comment.
#leopisces #zodiaccouple #couplegift",Find Leo & Pisces in our Etsy shop: https://www.etsy.com/listing/4570199091
LEO_SAGITTARIUS,4570199509,"Leo & Sagittarius personalized zodiac couple print.
Two fire signs, all warmth and laughter.
We merged both signs into one original symbol, then added your names under each sign and a short line of your own.
A printed gift for an engagement, a wedding, or a first home together.
Who tells the best jokes?
Link in bio: AstroLoveArt on Etsy
#leosagittarius #zodiaccouple #couplegift #personalizedgift #weddinggift","Leo & Sagittarius personalized zodiac couple print.
Two fire signs, all warmth and laughter.
We merged both signs into one original symbol, then added your names under each sign and a short line of your own.
A printed gift for an engagement, a wedding, or a first home together.
Who tells the best jokes?
Shop link in the first comment.
#leosagittarius #zodiaccouple #couplegift",Find Leo & Sagittarius in our Etsy shop: https://www.etsy.com/listing/4570199509
LEO_SCORPIO,4570214304,"Leo & Scorpio personalized zodiac couple print.
Leo shines bright, Scorpio burns deep.
We merged both signs into one original symbol, then added your names under each sign and a short line of your own.
A printed keepsake for anniversaries, weddings, or just because.
Who is the more intense one?
Link in bio: AstroLoveArt on Etsy
#leoscorpio #zodiaccouple #couplegift #personalizedgift #anniversarygift","Leo & Scorpio personalized zodiac couple print.
Leo shines bright, Scorpio burns deep.
We merged both signs into one original symbol, then added your names under each sign and a short line of your own.
A printed keepsake for anniversaries, weddings, or just because.
Who is the more intense one?
Shop link in the first comment.
#leoscorpio #zodiaccouple #couplegift",Find Leo & Scorpio in our Etsy shop: https://www.etsy.com/listing/4570214304
LEO_TAURUS,4570214784,"Leo & Taurus personalized zodiac couple print.
Leo loves the spotlight, Taurus loves the comfort. You make room for both.
We merged both signs into one original symbol, then added your names under each sign and a short line of your own.
A printed keepsake made for the two of you.
Who is more stubborn?
Link in bio: AstroLoveArt on Etsy
#leotaurus #zodiaccouple #couplegift #personalizedgift #astrologyart","Leo & Taurus personalized zodiac couple print.
Leo loves the spotlight, Taurus loves the comfort. You make room for both.
We merged both signs into one original symbol, then added your names under each sign and a short line of your own.
A printed keepsake made for the two of you.
Who is more stubborn?
Shop link in the first comment.
#leotaurus #zodiaccouple #couplegift",Find Leo & Taurus in our Etsy shop: https://www.etsy.com/listing/4570214784
LEO_VIRGO,4570200893,"Leo & Virgo personalized zodiac couple print.
Leo brings the big gestures, Virgo the thoughtful details.
We merged both signs into one original symbol, then added your names under each sign and a short line of your own.
A printed gift for an engagement, a wedding, or a first home together.
Who plans the surprises?
Link in bio: AstroLoveArt on Etsy
#leovirgo #zodiaccouple #couplegift #personalizedgift #weddinggift","Leo & Virgo personalized zodiac couple print.
Leo brings the big gestures, Virgo the thoughtful details.
We merged both signs into one original symbol, then added your names under each sign and a short line of your own.
A printed gift for an engagement, a wedding, or a first home together.
Who plans the surprises?
Shop link in the first comment.
#leovirgo #zodiaccouple #couplegift",Find Leo & Virgo in our Etsy shop: https://www.etsy.com/listing/4570200893
LIBRA_LIBRA,4570201313,"Libra & Libra personalized zodiac couple print.
Two Libras, a perfectly balanced pair.
Your shared sign becomes one original symbol, with both your names and a short line of your own.
A printed keepsake for anniversaries, weddings, or just because.
Who takes longer to decide?
Link in bio: AstroLoveArt on Etsy
#libralibra #zodiaccouple #couplegift #personalizedgift #anniversarygift","Libra & Libra personalized zodiac couple print.
Two Libras, a perfectly balanced pair.
Your shared sign becomes one original symbol, with both your names and a short line of your own.
A printed keepsake for anniversaries, weddings, or just because.
Who takes longer to decide?
Shop link in the first comment.
#libralibra #zodiaccouple #couplegift",Find Libra & Libra in our Etsy shop: https://www.etsy.com/listing/4570201313
LIBRA_PISCES,4570216030,"Libra & Pisces personalized zodiac couple print.
Libra loves beauty, Pisces lives in it.
We merged both signs into one original symbol, then added your names under each sign and a short line of your own.
A printed keepsake made for the two of you.
Who is the hopeless romantic?
Link in bio: AstroLoveArt on Etsy
#librapisces #zodiaccouple #couplegift #personalizedgift #astrologyart","Libra & Pisces personalized zodiac couple print.
Libra loves beauty, Pisces lives in it.
We merged both signs into one original symbol, then added your names under each sign and a short line of your own.
A printed keepsake made for the two of you.
Who is the hopeless romantic?
Shop link in the first comment.
#librapisces #zodiaccouple #couplegift",Find Libra & Pisces in our Etsy shop: https://www.etsy.com/listing/4570216030
LIBRA_SAGITTARIUS,4570202333,"Libra & Sagittarius personalized zodiac couple print.
Libra brings the charm, Sagittarius brings the adventure.
We merged both signs into one original symbol, then added your names under each sign and a short line of your own.
A printed gift for an engagement, a wedding, or a first home together.
Who says yes to every plan?
Link in bio: AstroLoveArt on Etsy
#librasagittarius #zodiaccouple #couplegift #personalizedgift #weddinggift","Libra & Sagittarius personalized zodiac couple print.
Libra brings the charm, Sagittarius brings the adventure.
We merged both signs into one original symbol, then added your names under each sign and a short line of your own.
A printed gift for an engagement, a wedding, or a first home together.
Who says yes to every plan?
Shop link in the first comment.
#librasagittarius #zodiaccouple #couplegift",Find Libra & Sagittarius in our Etsy shop: https://www.etsy.com/listing/4570202333
LIBRA_SCORPIO,4570202793,"Libra & Scorpio personalized zodiac couple print.
Libra keeps it light, Scorpio keeps it real.
We merged both signs into one original symbol, then added your names under each sign and a short line of your own.
A printed keepsake for anniversaries, weddings, or just because.
Who wins the staring contest?
Link in bio: AstroLoveArt on Etsy
#librascorpio #zodiaccouple #couplegift #personalizedgift #anniversarygift","Libra & Scorpio personalized zodiac couple print.
Libra keeps it light, Scorpio keeps it real.
We merged both signs into one original symbol, then added your names under each sign and a short line of your own.
A printed keepsake for anniversaries, weddings, or just because.
Who wins the staring contest?
Shop link in the first comment.
#librascorpio #zodiaccouple #couplegift",Find Libra & Scorpio in our Etsy shop: https://www.etsy.com/listing/4570202793
LIBRA_TAURUS,4570203229,"Libra & Taurus personalized zodiac couple print.
Two Venus signs who love the finer things.
We merged both signs into one original symbol, then added your names under each sign and a short line of your own.
A printed keepsake made for the two of you.
Who has the better taste?
Link in bio: AstroLoveArt on Etsy
#librataurus #zodiaccouple #couplegift #personalizedgift #astrologyart","Libra & Taurus personalized zodiac couple print.
Two Venus signs who love the finer things.
We merged both signs into one original symbol, then added your names under each sign and a short line of your own.
A printed keepsake made for the two of you.
Who has the better taste?
Shop link in the first comment.
#librataurus #zodiaccouple #couplegift",Find Libra & Taurus in our Etsy shop: https://www.etsy.com/listing/4570203229
LIBRA_VIRGO,4570203731,"Libra & Virgo personalized zodiac couple print.
Virgo brings the care, Libra brings the harmony.
We merged both signs into one original symbol, then added your names under each sign and a short line of your own.
A printed gift for an engagement, a wedding, or a first home together.
Who keeps the peace at home?
Link in bio: AstroLoveArt on Etsy
#libravirgo #zodiaccouple #couplegift #personalizedgift #weddinggift","Libra & Virgo personalized zodiac couple print.
Virgo brings the care, Libra brings the harmony.
We merged both signs into one original symbol, then added your names under each sign and a short line of your own.
A printed gift for an engagement, a wedding, or a first home together.
Who keeps the peace at home?
Shop link in the first comment.
#libravirgo #zodiaccouple #couplegift",Find Libra & Virgo in our Etsy shop: https://www.etsy.com/listing/4570203731
PISCES_PISCES,4570204167,"Pisces & Pisces personalized zodiac couple print.
Two Pisces, one shared dream.
Your shared sign becomes one original symbol, with both your names and a short line of your own.
A printed keepsake for anniversaries, weddings, or just because.
Who is the dreamier one?
Link in bio: AstroLoveArt on Etsy
#piscespisces #zodiaccouple #couplegift #personalizedgift #anniversarygift","Pisces & Pisces personalized zodiac couple print.
Two Pisces, one shared dream.
Your shared sign becomes one original symbol, with both your names and a short line of your own.
A printed keepsake for anniversaries, weddings, or just because.
Who is the dreamier one?
Shop link in the first comment.
#piscespisces #zodiaccouple #couplegift",Find Pisces & Pisces in our Etsy shop: https://www.etsy.com/listing/4570204167
PISCES_SAGITTARIUS,4570204681,"Pisces & Sagittarius personalized zodiac couple print.
Sagittarius explores the world, Pisces explores the heart.
We merged both signs into one original symbol, then added your names under each sign and a short line of your own.
A printed keepsake made for the two of you.
Who is the wanderer?
Link in bio: AstroLoveArt on Etsy
#piscessagittarius #zodiaccouple #couplegift #personalizedgift #astrologyart","Pisces & Sagittarius personalized zodiac couple print.
Sagittarius explores the world, Pisces explores the heart.
We merged both signs into one original symbol, then added your names under each sign and a short line of your own.
A printed keepsake made for the two of you.
Who is the wanderer?
Shop link in the first comment.
#piscessagittarius #zodiaccouple #couplegift",Find Pisces & Sagittarius in our Etsy shop: https://www.etsy.com/listing/4570204681
PISCES_SCORPIO,4570205473,"Pisces & Scorpio personalized zodiac couple print.
Water and water, deep and devoted.
We merged both signs into one original symbol, then added your names under each sign and a short line of your own.
A printed gift for an engagement, a wedding, or a first home together.
Who feels it more?
Link in bio: AstroLoveArt on Etsy
#piscesscorpio #zodiaccouple #couplegift #personalizedgift #weddinggift","Pisces & Scorpio personalized zodiac couple print.
Water and water, deep and devoted.
We merged both signs into one original symbol, then added your names under each sign and a short line of your own.
A printed gift for an engagement, a wedding, or a first home together.
Who feels it more?
Shop link in the first comment.
#piscesscorpio #zodiaccouple #couplegift",Find Pisces & Scorpio in our Etsy shop: https://www.etsy.com/listing/4570205473
PISCES_TAURUS,4570205899,"Pisces & Taurus personalized zodiac couple print.
Taurus holds steady, Pisces brings the dreams.
We merged both signs into one original symbol, then added your names under each sign and a short line of your own.
A printed keepsake for anniversaries, weddings, or just because.
Who is the calm one?
Link in bio: AstroLoveArt on Etsy
#piscestaurus #zodiaccouple #couplegift #personalizedgift #anniversarygift","Pisces & Taurus personalized zodiac couple print.
Taurus holds steady, Pisces brings the dreams.
We merged both signs into one original symbol, then added your names under each sign and a short line of your own.
A printed keepsake for anniversaries, weddings, or just because.
Who is the calm one?
Shop link in the first comment.
#piscestaurus #zodiaccouple #couplegift",Find Pisces & Taurus in our Etsy shop: https://www.etsy.com/listing/4570205899
PISCES_VIRGO,4570220634,"Pisces & Virgo personalized zodiac couple print.
Virgo grounds, Pisces inspires. Opposites in the best way.
We merged both signs into one original symbol, then added your names under each sign and a short line of your own.
A printed keepsake made for the two of you.
Who keeps the two of you organized?
Link in bio: AstroLoveArt on Etsy
#piscesvirgo #zodiaccouple #couplegift #personalizedgift #astrologyart","Pisces & Virgo personalized zodiac couple print.
Virgo grounds, Pisces inspires. Opposites in the best way.
We merged both signs into one original symbol, then added your names under each sign and a short line of your own.
A printed keepsake made for the two of you.
Who keeps the two of you organized?
Shop link in the first comment.
#piscesvirgo #zodiaccouple #couplegift",Find Pisces & Virgo in our Etsy shop: https://www.etsy.com/listing/4570220634
SAGITTARIUS_SAGITTARIUS,4570206865,"Sagittarius & Sagittarius personalized zodiac couple print.
Two Sagittarians, one passport stamp at a time.
Your shared sign becomes one original symbol, with both your names and a short line of your own.
A printed gift for an engagement, a wedding, or a first home together.
Where is your next trip?
Link in bio: AstroLoveArt on Etsy
#sagittariussagittarius #zodiaccouple #couplegift #personalizedgift #weddinggift","Sagittarius & Sagittarius personalized zodiac couple print.
Two Sagittarians, one passport stamp at a time.
Your shared sign becomes one original symbol, with both your names and a short line of your own.
A printed gift for an engagement, a wedding, or a first home together.
Where is your next trip?
Shop link in the first comment.
#sagittariussagittarius #zodiaccouple #couplegift",Find Sagittarius & Sagittarius in our Etsy shop: https://www.etsy.com/listing/4570206865
SAGITTARIUS_SCORPIO,4570221662,"Sagittarius & Scorpio personalized zodiac couple print.
Sagittarius brings the freedom, Scorpio brings the depth.
We merged both signs into one original symbol, then added your names under each sign and a short line of your own.
A printed keepsake for anniversaries, weddings, or just because.
Who is the bigger mystery?
Link in bio: AstroLoveArt on Etsy
#sagittariusscorpio #zodiaccouple #couplegift #personalizedgift #anniversarygift","Sagittarius & Scorpio personalized zodiac couple print.
Sagittarius brings the freedom, Scorpio brings the depth.
We merged both signs into one original symbol, then added your names under each sign and a short line of your own.
A printed keepsake for anniversaries, weddings, or just because.
Who is the bigger mystery?
Shop link in the first comment.
#sagittariusscorpio #zodiaccouple #couplegift",Find Sagittarius & Scorpio in our Etsy shop: https://www.etsy.com/listing/4570221662
SAGITTARIUS_TAURUS,4570207855,"Sagittarius & Taurus personalized zodiac couple print.
Taurus loves home, Sagittarius loves the road. Love finds the way.
We merged both signs into one original symbol, then added your names under each sign and a short line of your own.
A printed keepsake made for the two of you.
Stay in or go out tonight?
Link in bio: AstroLoveArt on Etsy
#sagittariustaurus #zodiaccouple #couplegift #personalizedgift #astrologyart","Sagittarius & Taurus personalized zodiac couple print.
Taurus loves home, Sagittarius loves the road. Love finds the way.
We merged both signs into one original symbol, then added your names under each sign and a short line of your own.
A printed keepsake made for the two of you.
Stay in or go out tonight?
Shop link in the first comment.
#sagittariustaurus #zodiaccouple #couplegift",Find Sagittarius & Taurus in our Etsy shop: https://www.etsy.com/listing/4570207855
SAGITTARIUS_VIRGO,4570208321,"Sagittarius & Virgo personalized zodiac couple print.
Sagittarius says let's go, Virgo already packed.
We merged both signs into one original symbol, then added your names under each sign and a short line of your own.
A printed gift for an engagement, a wedding, or a first home together.
Who is the planner on trips?
Link in bio: AstroLoveArt on Etsy
#sagittariusvirgo #zodiaccouple #couplegift #personalizedgift #weddinggift","Sagittarius & Virgo personalized zodiac couple print.
Sagittarius says let's go, Virgo already packed.
We merged both signs into one original symbol, then added your names under each sign and a short line of your own.
A printed gift for an engagement, a wedding, or a first home together.
Who is the planner on trips?
Shop link in the first comment.
#sagittariusvirgo #zodiaccouple #couplegift",Find Sagittarius & Virgo in our Etsy shop: https://www.etsy.com/listing/4570208321
SCORPIO_SCORPIO,4570209015,"Scorpio & Scorpio personalized zodiac couple print.
Two Scorpios, one intense and loyal bond.
Your shared sign becomes one original symbol, with both your names and a short line of your own.
A printed keepsake for anniversaries, weddings, or just because.
Who keeps the bigger secrets?
Link in bio: AstroLoveArt on Etsy
#scorpioscorpio #zodiaccouple #couplegift #personalizedgift #anniversarygift","Scorpio & Scorpio personalized zodiac couple print.
Two Scorpios, one intense and loyal bond.
Your shared sign becomes one original symbol, with both your names and a short line of your own.
A printed keepsake for anniversaries, weddings, or just because.
Who keeps the bigger secrets?
Shop link in the first comment.
#scorpioscorpio #zodiaccouple #couplegift",Find Scorpio & Scorpio in our Etsy shop: https://www.etsy.com/listing/4570209015
SCORPIO_TAURUS,4570224058,"Scorpio & Taurus personalized zodiac couple print.
Opposite signs with the same loyal heart.
We merged both signs into one original symbol, then added your names under each sign and a short line of your own.
A printed keepsake made for the two of you.
Who gives in first?
Link in bio: AstroLoveArt on Etsy
#scorpiotaurus #zodiaccouple #couplegift #personalizedgift #astrologyart","Scorpio & Taurus personalized zodiac couple print.
Opposite signs with the same loyal heart.
We merged both signs into one original symbol, then added your names under each sign and a short line of your own.
A printed keepsake made for the two of you.
Who gives in first?
Shop link in the first comment.
#scorpiotaurus #zodiaccouple #couplegift",Find Scorpio & Taurus in our Etsy shop: https://www.etsy.com/listing/4570224058
SCORPIO_VIRGO,4570210411,"Scorpio & Virgo personalized zodiac couple print.
Virgo notices everything, Scorpio feels everything.
We merged both signs into one original symbol, then added your names under each sign and a short line of your own.
A printed gift for an engagement, a wedding, or a first home together.
Who reads the other better?
Link in bio: AstroLoveArt on Etsy
#scorpiovirgo #zodiaccouple #couplegift #personalizedgift #weddinggift","Scorpio & Virgo personalized zodiac couple print.
Virgo notices everything, Scorpio feels everything.
We merged both signs into one original symbol, then added your names under each sign and a short line of your own.
A printed gift for an engagement, a wedding, or a first home together.
Who reads the other better?
Shop link in the first comment.
#scorpiovirgo #zodiaccouple #couplegift",Find Scorpio & Virgo in our Etsy shop: https://www.etsy.com/listing/4570210411
TAURUS_TAURUS,4570225672,"Taurus & Taurus personalized zodiac couple print.
Two Taurus hearts, one cozy life.
Your shared sign becomes one original symbol, with both your names and a short line of your own.
A printed keepsake for anniversaries, weddings, or just because.
Who guards the snacks?
Link in bio: AstroLoveArt on Etsy
#taurustaurus #zodiaccouple #couplegift #personalizedgift #anniversarygift","Taurus & Taurus personalized zodiac couple print.
Two Taurus hearts, one cozy life.
Your shared sign becomes one original symbol, with both your names and a short line of your own.
A printed keepsake for anniversaries, weddings, or just because.
Who guards the snacks?
Shop link in the first comment.
#taurustaurus #zodiaccouple #couplegift",Find Taurus & Taurus in our Etsy shop: https://www.etsy.com/listing/4570225672
TAURUS_VIRGO,4570226386,"Taurus & Virgo personalized zodiac couple print.
Two earth signs building a calm, beautiful life.
We merged both signs into one original symbol, then added your names under each sign and a short line of your own.
A printed keepsake made for the two of you.
Who is the homebody?
Link in bio: AstroLoveArt on Etsy
#taurusvirgo #zodiaccouple #couplegift #personalizedgift #astrologyart","Taurus & Virgo personalized zodiac couple print.
Two earth signs building a calm, beautiful life.
We merged both signs into one original symbol, then added your names under each sign and a short line of your own.
A printed keepsake made for the two of you.
Who is the homebody?
Shop link in the first comment.
#taurusvirgo #zodiaccouple #couplegift",Find Taurus & Virgo in our Etsy shop: https://www.etsy.com/listing/4570226386
VIRGO_VIRGO,4570227104,"Virgo & Virgo personalized zodiac couple print.
Two Virgos, every detail in its place.
Your shared sign becomes one original symbol, with both your names and a short line of your own.
A printed gift for an engagement, a wedding, or a first home together.
Who folds the laundry better?
Link in bio: AstroLoveArt on Etsy
#virgovirgo #zodiaccouple #couplegift #personalizedgift #weddinggift","Virgo & Virgo personalized zodiac couple print.
Two Virgos, every detail in its place.
Your shared sign becomes one original symbol, with both your names and a short line of your own.
A printed gift for an engagement, a wedding, or a first home together.
Who folds the laundry better?
Shop link in the first comment.
#virgovirgo #zodiaccouple #couplegift",Find Virgo & Virgo in our Etsy shop: https://www.etsy.com/listing/4570227104
